image_url,alt_text,page_source,width,height,format,estimated_size_kb,category,downloaded,local_path
https://juliaoboticarios.com/juliao-01.svg,Juliao Boticarios,https://juliaoboticarios.com/?controller=newproducts,,,svg,11.56,misc,True,data\output\images\misc\juliao-01.svg
https://juliaoboticarios.com/themes/leo_frido/assets/img/modules/appagebuilder/images/amarillo-1.jpg,,https://juliaoboticarios.com/?controller=newproducts,,,jpg,2.05,misc,True,data\output\images\misc\amarillo-1.jpg
https://juliaoboticarios.com/3147-large_default/aceite-ambiental-ama-nacer-25-ml.jpg,Aceite Ambiental Ama Nacer...,https://juliaoboticarios.com/?controller=newproducts,,,jpg,50.74,misc,True,data\output\images\misc\aceite-ambiental-ama-nacer-25-ml.jpg
https://juliaoboticarios.com/img/seosaproductlabels/1/1.png,NUEVOS,https://juliaoboticarios.com/?controller=newproducts,,,png,2.15,misc,True,data\output\images\misc\1.png
https://juliaoboticarios.com/3142-large_default/bruma-sensorial-ama-nacer-250-ml.jpg,Bruma Sensorial Ama Nacer...,https://juliaoboticarios.com/?controller=newproducts,,,jpg,34.71,misc,True,data\output\images\misc\bruma-sensorial-ama-nacer-250-ml.jpg
https://juliaoboticarios.com/3148-large_default/bruma-sensorial-ama-nacer-60-ml.jpg,Bruma Sensorial Ama Nacer...,https://juliaoboticarios.com/?controller=newproducts,,,jpg,35.52,misc,True,data\output\images\misc\bruma-sensorial-ama-nacer-60-ml.jpg
https://juliaoboticarios.com/3143-large_default/elixir-corporal-ama-nacer-45ml.jpg,Elixir Corporal Ama Nacer 45Ml,https://juliaoboticarios.com/?controller=newproducts,,,jpg,41.22,misc,True,data\output\images\misc\elixir-corporal-ama-nacer-45ml.jpg
https://juliaoboticarios.com/3140-large_default/elixir-corporal-ama-nacer-125ml.jpg,Elixir Corporal Ama Nacer...,https://juliaoboticarios.com/?controller=newproducts,,,jpg,41.16,misc,True,data\output\images\misc\elixir-corporal-ama-nacer-125ml.jpg
https://juliaoboticarios.com/3146-large_default/balsamo-corporal-ama-nacer-45-g.jpg,Bálsamo Corporal Ama nacer...,https://juliaoboticarios.com/?controller=newproducts,,,jpg,51.2,misc,True,data\output\images\misc\balsamo-corporal-ama-nacer-45-g.jpg
https://juliaoboticarios.com/3145-large_default/balsamo-corporal-ama-nacer-200g.jpg,Bálsamo Corporal Ama nacer...,https://juliaoboticarios.com/?controller=newproducts,,,jpg,104.81,misc,True,data\output\images\misc\balsamo-corporal-ama-nacer-200g.jpg
https://juliaoboticarios.com/3144-large_default/leche-de-bano-ama-nacer-440ml.jpg,Leche De Baño Ama Nacer  45 ml,https://juliaoboticarios.com/?controller=newproducts,,,jpg,50.39,misc,True,data\output\images\misc\leche-de-bano-ama-nacer-440ml.jpg
https://juliaoboticarios.com/themes/leo_frido/assets/img/modules/appagebuilder/images/Group-13455.jpg,,https://juliaoboticarios.com/?controller=newproducts,,,jpg,74.22,misc,True,data\output\images\misc\Group-13455.jpg
https://juliaoboticarios.com/themes/leo_frido/assets/img/modules/appagebuilder/images/payment.png,,https://juliaoboticarios.com/?controller=newproducts,,,png,1.89,misc,True,data\output\images\misc\payment.png
https://juliaoboticarios.com/themes/leo_frido/assets/img/modules/appagebuilder/images/sal.jpg,,https://juliaoboticarios.com/?controller=newproducts,,,jpg,0.39,misc,True,data\output\images\misc\sal.jpg
https://juliaoboticarios.com/themes/leo_frido/assets/img/modules/appagebuilder/images/jabon-barra-rosasa-novedades.jpg,,https://juliaoboticarios.com/,,,jpg,29.47,home,True,data\output\images\home\jabon-barra-rosasa-novedades.jpg
https://juliaoboticarios.com/themes/leo_frido/assets/img/modules/appagebuilder/images/kit-tonka-novedades.jpg,,https://juliaoboticarios.com/,,,jpg,34.75,home,True,data\output\images\home\kit-tonka-novedades.jpg
https://juliaoboticarios.com/themes/leo_frido/assets/img/modules/appagebuilder/images/Bruma-ama-novedades.jpg,,https://juliaoboticarios.com/,,,jpg,22.3,home,True,data\output\images\home\Bruma-ama-novedades.jpg
https://juliaoboticarios.com/themes/leo_frido/assets/img/modules/appagebuilder/images/Leche-ama-novedades.jpg,,https://juliaoboticarios.com/,,,jpg,22.32,home,True,data\output\images\home\Leche-ama-novedades.jpg
https://juliaoboticarios.com/themes/leo_frido/assets/img/modules/appagebuilder/images/productos-novedades-palo-santo.jpg,,https://juliaoboticarios.com/,,,jpg,35.82,home,True,data\output\images\home\productos-novedades-palo-santo.jpg
https://juliaoboticarios.com/themes/leo_frido/assets/img/modules/appagebuilder/images/LINE.jpg,,https://juliaoboticarios.com/,,,jpg,2.0,home,True,data\output\images\home\LINE.jpg
https://juliaoboticarios.com/themes/leo_frido/assets/img/modules/appagebuilder/images/productos-Categoria-agua-C.jpg,,https://juliaoboticarios.com/,,,jpg,30.34,home,True,data\output\images\home\productos-Categoria-agua-C.jpg
https://juliaoboticarios.com/themes/leo_frido/assets/img/modules/appagebuilder/images/productos-Categoria-3.jpg,,https://juliaoboticarios.com/,,,jpg,32.45,home,True,data\output\images\home\productos-Categoria-3.jpg
https://juliaoboticarios.com/themes/leo_frido/assets/img/modules/appagebuilder/images/productos-Categoria-4.jpg,,https://juliaoboticarios.com/,,,jpg,43.58,home,True,data\output\images\home\productos-Categoria-4.jpg
https://juliaoboticarios.com/themes/leo_frido/assets/img/modules/appagebuilder/images/productos-Categoria-5.jpg,,https://juliaoboticarios.com/,,,jpg,48.74,home,True,data\output\images\home\productos-Categoria-5.jpg
https://juliaoboticarios.com/themes/leo_frido/assets/img/modules/appagebuilder/images/productos-Categoria-azafran.jpg,,https://juliaoboticarios.com/,,,jpg,45.15,home,True,data\output\images\home\productos-Categoria-azafran.jpg
https://juliaoboticarios.com/themes/leo_frido/assets/img/modules/appagebuilder/images/Cuidado-personal.jpg,,https://juliaoboticarios.com/,,,jpg,66.4,home,True,data\output\images\home\Cuidado-personal.jpg
https://juliaoboticarios.com/themes/leo_frido/assets/img/modules/appagebuilder/images/regaleria.jpg,,https://juliaoboticarios.com/,,,jpg,74.32,home,True,data\output\images\home\regaleria.jpg
https://juliaoboticarios.com/themes/leo_frido/assets/img/modules/appagebuilder/images/perfumeria2.jpg,,https://juliaoboticarios.com/,,,jpg,194.57,home,True,data\output\images\home\perfumeria2.jpg
https://juliaoboticarios.com/themes/leo_frido/assets/img/modules/appagebuilder/images/Cuidado-natural.jpg,,https://juliaoboticarios.com/,,,jpg,69.16,home,True,data\output\images\home\Cuidado-natural.jpg
https://juliaoboticarios.com/themes/leo_frido/assets/img/modules/appagebuilder/images/hogar11.jpg,,https://juliaoboticarios.com/,,,jpg,125.38,home,True,data\output\images\home\hogar11.jpg
https://juliaoboticarios.com/themes/leo_frido/assets/img/modules/appagebuilder/images/Aguas-de-tocador.jpg,,https://juliaoboticarios.com/,,,jpg,74.63,home,True,data\output\images\home\Aguas-de-tocador.jpg
https://juliaoboticarios.com/themes/leo_frido/assets/img/modules/appagebuilder/images/banner-natura.jpg,,https://juliaoboticarios.com/,,,jpg,149.79,home,True,data\output\images\home\banner-natura.jpg
https://juliaoboticarios.com/themes/leo_frido/assets/img/modules/appagebuilder/images/sas.jpg,,https://juliaoboticarios.com/,,,jpg,53.4,home,True,data\output\images\home\sas.jpg
https://juliaoboticarios.com/themes/leo_frido/assets/img/modules/appagebuilder/images/nuestras-tiendas.jpg,,https://juliaoboticarios.com/,,,jpg,97.34,home,True,data\output\images\home\nuestras-tiendas.jpg
https://juliaoboticarios.com/themes/leo_frido/assets/img/modules/appagebuilder/images/desde-1910.jpg,,https://juliaoboticarios.com/,,,jpg,85.45,home,True,data\output\images\home\desde-1910.jpg
https://juliaoboticarios.com/themes/leo_frido/assets/img/modules/appagebuilder/images/mundo-de-sensaciones.jpg,,https://juliaoboticarios.com/,,,jpg,92.87,home,True,data\output\images\home\mundo-de-sensaciones.jpg
https://juliaoboticarios.com/themes/leo_frido/assets/img/modules/leoslideshow/amar1.jpg,,https://juliaoboticarios.com/,,,jpg,885.48,home,True,data\output\images\home\amar1.jpg
https://juliaoboticarios.com/2675-large_default/jb-jabon-liq-manos-bambu-500-ml.jpg,Jabon Líquido Para Manos...,https://juliaoboticarios.com/?controller=bestsales,,,jpg,44.6,misc,True,data\output\images\misc\jb-jabon-liq-manos-bambu-500-ml.jpg
https://juliaoboticarios.com/2865-large_default/jb-jabon-liq-tonka-vainilla-500-ml.jpg,Jabón Líquido Para Manos...,https://juliaoboticarios.com/?controller=bestsales,,,jpg,45.27,misc,True,data\output\images\misc\jb-jabon-liq-tonka-vainilla-500-ml.jpg
https://juliaoboticarios.com/2815-large_default/jb-psyllium-polvo-500-gr.jpg,Psyllium Polvo 500 G,https://juliaoboticarios.com/?controller=bestsales,,,jpg,125.68,misc,True,data\output\images\misc\jb-psyllium-polvo-500-gr.jpg
https://juliaoboticarios.com/2315-large_default/tonico-facial-agua-de-rosas-125ml.jpg,Tónico Facial Agua De Rosas...,https://juliaoboticarios.com/?controller=bestsales,,,jpg,46.95,misc,True,data\output\images\misc\tonico-facial-agua-de-rosas-125ml.jpg
https://juliaoboticarios.com/2290-large_default/jb-espuma-limpiad-facial-de-rosas-150-ml.jpg,Espuma Limpiadora Facial De...,https://juliaoboticarios.com/?controller=bestsales,,,jpg,36.7,misc,True,data\output\images\misc\jb-espuma-limpiad-facial-de-rosas-150-ml.jpg
https://juliaoboticarios.com/2657-large_default/jb-elixir-corporal-siempre-viernes-125ml.jpg,Elixir Corporal Siempre...,https://juliaoboticarios.com/?controller=bestsales,,,jpg,49.01,misc,True,data\output\images\misc\jb-elixir-corporal-siempre-viernes-125ml.jpg
https://juliaoboticarios.com/2985-large_default/jb-aceite-de-almendras-argan-125-ml.jpg,Aceite De Almendras + Argán...,https://juliaoboticarios.com/?controller=bestsales,,,jpg,45.41,misc,True,data\output\images\misc\jb-aceite-de-almendras-argan-125-ml.jpg
https://juliaoboticarios.com/2652-large_default/jb-leche-de-bano-siempre-viernes-440-ml.jpg,Leche De Baño Siempre...,https://juliaoboticarios.com/?controller=bestsales,,,jpg,39.73,misc,True,data\output\images\misc\jb-leche-de-bano-siempre-viernes-440-ml.jpg
https://juliaoboticarios.com/2677-large_default/jb-jabon-liq-manos-te-verde-500-ml.jpg,Jabón Líquido Para Manos Té...,https://juliaoboticarios.com/?controller=bestsales,,,jpg,44.7,misc,True,data\output\images\misc\jb-jabon-liq-manos-te-verde-500-ml.jpg
https://juliaoboticarios.com/2649-large_default/leche-de-bano-serenidad-440ml.jpg,Leche De Baño Serenidad 440Ml,https://juliaoboticarios.com/?controller=bestsales,,,jpg,36.12,misc,True,data\output\images\misc\leche-de-bano-serenidad-440ml.jpg
https://juliaoboticarios.com/2316-large_default/oleo-milenario-facial-30ml.jpg,Oleo Milenario Facial 30Ml,https://juliaoboticarios.com/?controller=bestsales,,,jpg,62.24,misc,True,data\output\images\misc\oleo-milenario-facial-30ml.jpg
https://juliaoboticarios.com/2686-large_default/refill-jabon-liq-tonka-vainilla-1000-ml.jpg,Refill Jabón Líquido Manos...,https://juliaoboticarios.com/?controller=bestsales,,,jpg,61.62,misc,True,data\output\images\misc\refill-jabon-liq-tonka-vainilla-1000-ml.jpg
https://juliaoboticarios.com/2866-large_default/jb-crema-humect-p-manos-tonka-vainil-500.jpg,Crema humectante  para...,https://juliaoboticarios.com/?controller=bestsales,,,jpg,44.68,misc,True,data\output\images\misc\jb-crema-humect-p-manos-tonka-vainil-500.jpg
https://juliaoboticarios.com/2317-large_default/jb-tonico-facial-agua-de-rosas-45-ml.jpg,Mini Tónico Facial agua de...,https://juliaoboticarios.com/?controller=bestsales,,,jpg,41.5,misc,True,data\output\images\misc\jb-tonico-facial-agua-de-rosas-45-ml.jpg
https://juliaoboticarios.com/2909-large_default/jb-bruma-sensorial-serenidad-250-ml.jpg,Bruma Sensorial Serenidad...,https://juliaoboticarios.com/?controller=bestsales,,,jpg,37.86,misc,True,data\output\images\misc\jb-bruma-sensorial-serenidad-250-ml.jpg
https://juliaoboticarios.com/2879-large_default/jb-aceite-ambiental-bambu-25-ml.jpg,Aceite Ambiental Bambú 25 Ml,https://juliaoboticarios.com/?controller=bestsales,,,jpg,45.89,misc,True,data\output\images\misc\jb-aceite-ambiental-bambu-25-ml.jpg
https://juliaoboticarios.com/2979-large_default/jb-shampoo-coco-y-keratina-500-ml.jpg,Shampoo Coco Y Keratina 500Ml,https://juliaoboticarios.com/?controller=bestsales,,,jpg,38.89,misc,True,data\output\images\misc\jb-shampoo-coco-y-keratina-500-ml.jpg
https://juliaoboticarios.com/2718-large_default/perfume-ambar-y-santal-30-ml.jpg,Perfume Ambar y Santal 30ml,https://juliaoboticarios.com/?controller=bestsales,,,jpg,53.75,misc,True,data\output\images\misc\perfume-ambar-y-santal-30-ml.jpg
https://juliaoboticarios.com/2687-large_default/jb-aceite-de-ricino-30-ml.jpg,Aceite De Ricino 30Ml,https://juliaoboticarios.com/?controller=bestsales,,,jpg,46.99,misc,True,data\output\images\misc\jb-aceite-de-ricino-30-ml.jpg
https://juliaoboticarios.com/2690-large_default/jb-elixir-corporal-siempre-viernes-45-ml.jpg,Mini Elixir corporal...,https://juliaoboticarios.com/?controller=bestsales,,,jpg,52.37,misc,True,data\output\images\misc\jb-elixir-corporal-siempre-viernes-45-ml.jpg
https://juliaoboticarios.com/2904-large_default/jb-bruma-sensorialtonka-vainilla-250-ml.jpg,Bruma Sensorial Tonka...,https://juliaoboticarios.com/?controller=bestsales,,,jpg,40.31,misc,True,data\output\images\misc\jb-bruma-sensorialtonka-vainilla-250-ml.jpg
https://juliaoboticarios.com/2873-large_default/aceite-ambiental-de-tonka-vainilla-25-ml.jpg,Aceite Ambiental De Tonka...,https://juliaoboticarios.com/?controller=bestsales,,,jpg,47.07,misc,True,data\output\images\misc\aceite-ambiental-de-tonka-vainilla-25-ml.jpg
https://juliaoboticarios.com/2291-large_default/jb-espuma-limpiad-facial-herbal-150-ml.jpg,Espuma Limpiadora facial...,https://juliaoboticarios.com/?controller=bestsales,,,jpg,40.99,misc,True,data\output\images\misc\jb-espuma-limpiad-facial-herbal-150-ml.jpg
https://juliaoboticarios.com/2681-large_default/jb-crema-humect-p-manos-bambu-500-g.jpg,Crema humectante para manos...,https://juliaoboticarios.com/?controller=bestsales,,,jpg,43.85,misc,True,data\output\images\misc\jb-crema-humect-p-manos-bambu-500-g.jpg
https://juliaoboticarios.com/2996-large_default/jb-manteca-de-karite-50-gr.jpg,Manteca De Karité 50G,https://juliaoboticarios.com/?controller=bestsales,,,jpg,46.34,misc,True,data\output\images\misc\jb-manteca-de-karite-50-gr.jpg
https://juliaoboticarios.com/2318-large_default/jb-espuma-limpiad-facial-de-rosas-60-ml.jpg,Mini espuma limpiadora...,https://juliaoboticarios.com/?controller=bestsales,,,jpg,37.35,misc,True,data\output\images\misc\jb-espuma-limpiad-facial-de-rosas-60-ml.jpg
https://juliaoboticarios.com/2658-large_default/jb-elixir-corporal-serenidad-125-ml.jpg,Elixir Corporal Serenidad...,https://juliaoboticarios.com/?controller=bestsales,,,jpg,45.27,misc,True,data\output\images\misc\jb-elixir-corporal-serenidad-125-ml.jpg
https://juliaoboticarios.com/2719-large_default/-perfume-ambar-y-santal-100-ml.jpg,Perfume Ambar y Santal 100 ml,https://juliaoboticarios.com/?controller=bestsales,,,jpg,51.59,misc,True,data\output\images\misc\-perfume-ambar-y-santal-100-ml.jpg
https://juliaoboticarios.com/2703-large_default/colageno-30ml.jpg,Colágeno 30Ml,https://juliaoboticarios.com/?controller=bestsales,,,jpg,46.17,misc,True,data\output\images\misc\colageno-30ml.jpg
https://juliaoboticarios.com/2887-large_default/jb-limp-eco-multip-eucalipto-naranja-500.jpg,Limpiador Ecológico Multip...,https://juliaoboticarios.com/?controller=bestsales,,,jpg,49.34,misc,True,data\output\images\misc\jb-limp-eco-multip-eucalipto-naranja-500.jpg
https://juliaoboticarios.com/2907-large_default/jb-bruma-sensorial-siempre-viernes-250ml.jpg,Bruma Sensorial Siempre...,https://juliaoboticarios.com/?controller=bestsales,,,jpg,41.45,misc,True,data\output\images\misc\jb-bruma-sensorial-siempre-viernes-250ml.jpg
https://juliaoboticarios.com/2661-large_default/jb-aceite-ambiental-siempre-viernes-25ml.jpg,Aceite Ambiental Siempre...,https://juliaoboticarios.com/?controller=bestsales,,,jpg,47.18,misc,True,data\output\images\misc\jb-aceite-ambiental-siempre-viernes-25ml.jpg
https://juliaoboticarios.com/2889-large_default/jb-elim-olor-p-esp-lavand-menta-120-ml.jpg,Eliminador De Olor Para...,https://juliaoboticarios.com/?controller=bestsales,,,jpg,49.08,misc,True,data\output\images\misc\jb-elim-olor-p-esp-lavand-menta-120-ml.jpg
https://juliaoboticarios.com/2963-large_default/jb-elim-olor-p-banos-bergamot-limon-30ml.jpg,Eliminador De Olor En...,https://juliaoboticarios.com/?controller=bestsales,,,jpg,42.7,misc,True,data\output\images\misc\jb-elim-olor-p-banos-bergamot-limon-30ml.jpg
https://juliaoboticarios.com/2710-large_default/jb-extracto-de-romero-30-ml.jpg,Extracto De Romero 30Ml,https://juliaoboticarios.com/?controller=bestsales,,,jpg,47.89,misc,True,data\output\images\misc\jb-extracto-de-romero-30-ml.jpg
https://juliaoboticarios.com/2964-large_default/jb-elim-olor-p-banos-lavand-menta-30m.jpg,Eliminador De Olor En Gotas...,https://juliaoboticarios.com/?controller=bestsales,,,jpg,42.44,misc,True,data\output\images\misc\jb-elim-olor-p-banos-lavand-menta-30m.jpg
https://juliaoboticarios.com/2651-large_default/jb-leche-de-bano-gratitud-440-ml.jpg,Leche De Baño Gratitud 440Ml,https://juliaoboticarios.com/?controller=bestsales,,,jpg,38.13,misc,True,data\output\images\misc\jb-leche-de-bano-gratitud-440-ml.jpg
https://juliaoboticarios.com/2947-large_default/caja-empaque-de-regalo-.jpg,Caja Empaque de Regalo,https://juliaoboticarios.com/?controller=bestsales,,,jpg,99.83,misc,True,data\output\images\misc\caja-empaque-de-regalo-.jpg
https://juliaoboticarios.com/2531-home_default/caja-empaque-de-regalo-.jpg,Caja Empaque de Regalo,https://juliaoboticarios.com/?controller=bestsales,470,609,jpg,99.83,misc,True,data\output\images\misc\caja-empaque-de-regalo-.jpg
https://juliaoboticarios.com/2871-large_default/jb-aceite-ambiental-lavanda-francesa-25.jpg,Aceite Ambiental Lavanda...,https://juliaoboticarios.com/?controller=bestsales,,,jpg,48.97,misc,True,data\output\images\misc\jb-aceite-ambiental-lavanda-francesa-25.jpg
https://juliaoboticarios.com/1262-large_default/jb-alcohol-glicerinado-120-ml.jpg,Alcohol Glicerinado  120 Ml,https://juliaoboticarios.com/?controller=bestsales,,,jpg,195.67,misc,True,data\output\images\misc\jb-alcohol-glicerinado-120-ml.jpg
https://juliaoboticarios.com/2814-large_default/jb-psyllium-polvo-250-gr.jpg,Psyllium Polvo 250 G,https://juliaoboticarios.com/?controller=bestsales,,,jpg,116.63,misc,True,data\output\images\misc\jb-psyllium-polvo-250-gr.jpg
https://juliaoboticarios.com/2684-large_default/-refill-jabon-liq-manos-te-verde-1000-ml.jpg,Refill Jabón Líquido Manos...,https://juliaoboticarios.com/?controller=bestsales,,,jpg,61.01,misc,True,data\output\images\misc\-refill-jabon-liq-manos-te-verde-1000-ml.jpg
https://juliaoboticarios.com/2976-large_default/jb-oleo-capilar-brillo-reparador-60-ml.jpg,Oleo Capilar Brillo...,https://juliaoboticarios.com/?controller=bestsales,,,jpg,38.92,misc,True,data\output\images\misc\jb-oleo-capilar-brillo-reparador-60-ml.jpg
https://juliaoboticarios.com/2978-large_default/jb-mascarilla-capilar-restructurante-350.jpg,Mascarilla Capilar...,https://juliaoboticarios.com/?controller=bestsales,,,jpg,94.39,misc,True,data\output\images\misc\jb-mascarilla-capilar-restructurante-350.jpg
https://juliaoboticarios.com/2920-large_default/kit-navidad-bienvenido-al-hogar.jpg,Kit Bienvenido Tonka Vainilla,https://juliaoboticarios.com/?controller=bestsales,,,jpg,97.84,misc,True,data\output\images\misc\kit-navidad-bienvenido-al-hogar.jpg
https://juliaoboticarios.com/1913-home_default/kit-navidad-bienvenido-al-hogar.jpg,Kit Bienvenido Tonka Vainilla,https://juliaoboticarios.com/?controller=bestsales,470,609,jpg,45.67,misc,True,data\output\images\misc\kit-navidad-bienvenido-al-hogar.jpg
https://juliaoboticarios.com/2994-large_default/-caja-kraft-entrega.jpg,Caja Empaque de Regalo,https://juliaoboticarios.com/?controller=bestsales,,,jpg,72.79,misc,True,data\output\images\misc\-caja-kraft-entrega.jpg
https://juliaoboticarios.com/2422-home_default/-caja-kraft-entrega.jpg,Caja Empaque de Regalo,https://juliaoboticarios.com/?controller=bestsales,470,609,jpg,16.11,misc,True,data\output\images\misc\-caja-kraft-entrega.jpg
https://juliaoboticarios.com/2665-large_default/jb-balsamo-corporal-siempre-viernes-200g.jpg,Bálsamo Corporal Siempre...,https://juliaoboticarios.com/?controller=bestsales,,,jpg,105.47,misc,True,data\output\images\misc\jb-balsamo-corporal-siempre-viernes-200g.jpg
https://juliaoboticarios.com/1043-large_default/crema-base-humectante-350g.jpg,Crema Base Humectante 350G,https://juliaoboticarios.com/?controller=bestsales,,,jpg,62.27,misc,True,data\output\images\misc\crema-base-humectante-350g.jpg
https://juliaoboticarios.com/2664-large_default/jb-aceite-ambiental-serenidad-25-ml.jpg,Aceite Ambiental Serenidad...,https://juliaoboticarios.com/?controller=bestsales,,,jpg,41.22,misc,True,data\output\images\misc\jb-aceite-ambiental-serenidad-25-ml.jpg
https://juliaoboticarios.com/2886-large_default/limpiador-ecologico-multip-eucalipto-clavo-500ml.jpg,Limpiador  Ecológico Multip...,https://juliaoboticarios.com/?controller=bestsales,,,jpg,49.1,misc,True,data\output\images\misc\limpiador-ecologico-multip-eucalipto-clavo-500ml.jpg
https://juliaoboticarios.com/2650-large_default/jb-leche-de-bano-aqui-y-ahora-440-ml.jpg,Leche De Baño Aquí Y Ahora...,https://juliaoboticarios.com/?controller=bestsales,,,jpg,38.49,misc,True,data\output\images\misc\jb-leche-de-bano-aqui-y-ahora-440-ml.jpg
https://juliaoboticarios.com/2691-large_default/jb-elixir-corporal-serenidad-45-ml.jpg,Mini Elixir corporal...,https://juliaoboticarios.com/?controller=bestsales,,,jpg,48.61,misc,True,data\output\images\misc\jb-elixir-corporal-serenidad-45-ml.jpg
https://juliaoboticarios.com/2695-large_default/jb-kit-ritual-intencion-serenidad.jpg,Kit Ritual Intencion Serenidad,https://juliaoboticarios.com/?controller=bestsales,,,jpg,81.34,misc,True,data\output\images\misc\jb-kit-ritual-intencion-serenidad.jpg
https://juliaoboticarios.com/1509-home_default/jb-kit-ritual-intencion-serenidad.jpg,Kit Ritual Intencion Serenidad,https://juliaoboticarios.com/?controller=bestsales,470,609,jpg,81.34,misc,True,data\output\images\misc\jb-kit-ritual-intencion-serenidad.jpg
https://juliaoboticarios.com/2968-large_default/jb-exfoliante-tonka-vainilla-200-g.jpg,Exfoliante Corporal Tonka...,https://juliaoboticarios.com/?controller=bestsales,,,jpg,92.29,misc,True,data\output\images\misc\jb-exfoliante-tonka-vainilla-200-g.jpg
https://juliaoboticarios.com/2980-large_default/jb-tto-acond-biotina-nuez-d-brasil-300-g.jpg,Tto Acondicionador Biotina...,https://juliaoboticarios.com/?controller=bestsales,,,jpg,100.41,misc,True,data\output\images\misc\jb-tto-acond-biotina-nuez-d-brasil-300-g.jpg
https://juliaoboticarios.com/2670-large_default/jb-exfoliante-siempre-viernes-200-g.jpg,Exfoliante Corporal Siempre...,https://juliaoboticarios.com/?controller=bestsales,,,jpg,114.05,misc,True,data\output\images\misc\jb-exfoliante-siempre-viernes-200-g.jpg
https://juliaoboticarios.com/975-large_default/jb-palo-santo-3-und-x-12-cm.jpg,Palo Santo 3 Und X 12 Cm,https://juliaoboticarios.com/?controller=bestsales,,,jpg,39.61,misc,True,data\output\images\misc\jb-palo-santo-3-und-x-12-cm.jpg
https://juliaoboticarios.com/975-home_default/jb-palo-santo-3-und-x-12-cm.jpg,Palo Santo 3 Und X 12 Cm,https://juliaoboticarios.com/?controller=bestsales,470,609,jpg,17.28,misc,True,data\output\images\misc\jb-palo-santo-3-und-x-12-cm.jpg
https://juliaoboticarios.com/2975-large_default/jb-tto-acondicionador-coco-aguacat-300g.jpg,Tto Acondicionador Coco Y...,https://juliaoboticarios.com/?controller=bestsales,,,jpg,88.22,misc,True,data\output\images\misc\jb-tto-acondicionador-coco-aguacat-300g.jpg
https://juliaoboticarios.com/2971-large_default/jabon-artesanal-de-lavanda-manzanilla-y-calendula-100-grs.jpg,Jabón artesanal en barra de...,https://juliaoboticarios.com/?controller=bestsales,,,jpg,92.64,misc,True,data\output\images\misc\jabon-artesanal-de-lavanda-manzanilla-y-calendula-100-grs.jpg
https://juliaoboticarios.com/2972-large_default/jabon-artesanal-de-miel-almendras-y-avena-100-grs-.jpg,Jabón artesanal en barra de...,https://juliaoboticarios.com/?controller=bestsales,,,jpg,78.3,misc,True,data\output\images\misc\jabon-artesanal-de-miel-almendras-y-avena-100-grs-.jpg
https://juliaoboticarios.com/2890-large_default/jb-elim-olor-p-esp-bergam-limon-120-ml.jpg,Eliminador De Olor Para...,https://juliaoboticarios.com/?controller=bestsales,,,jpg,49.23,misc,True,data\output\images\misc\jb-elim-olor-p-esp-bergam-limon-120-ml.jpg
https://juliaoboticarios.com/2314-large_default/jb-agua-esencial-herbal-125-ml.jpg,Agua Esencial Herbal 125Ml,https://juliaoboticarios.com/?controller=bestsales,,,jpg,49.36,misc,True,data\output\images\misc\jb-agua-esencial-herbal-125-ml.jpg
https://juliaoboticarios.com/3027-large_default/jb-mascarilla-capilar-aguacate-hidrat350.jpg,Mascarilla Capilar Aguacate...,https://juliaoboticarios.com/?controller=bestsales,,,jpg,81.06,misc,True,data\output\images\misc\jb-mascarilla-capilar-aguacate-hidrat350.jpg
https://juliaoboticarios.com/2876-large_default/jb-aceite-ambiental-infusion-verbena-25m.jpg,Aceite Ambiental Infusión...,https://juliaoboticarios.com/?controller=bestsales,,,jpg,48.91,misc,True,data\output\images\misc\jb-aceite-ambiental-infusion-verbena-25m.jpg
https://juliaoboticarios.com/2704-large_default/jb-vitamina-e-30-ml.jpg,Vitamina E 30Ml,https://juliaoboticarios.com/?controller=bestsales,,,jpg,46.22,misc,True,data\output\images\misc\jb-vitamina-e-30-ml.jpg
https://juliaoboticarios.com/2659-large_default/jb-elixir-corporal-gratitud-125-ml.jpg,Elixir Corporal Gratitud 125Ml,https://juliaoboticarios.com/?controller=bestsales,,,jpg,46.05,misc,True,data\output\images\misc\jb-elixir-corporal-gratitud-125-ml.jpg
https://juliaoboticarios.com/2885-large_default/jb-desinf-pbanos-ecol-bergam-limon-500.jpg,Desinfectante Ecológico...,https://juliaoboticarios.com/?controller=bestsales,,,jpg,49.48,misc,True,data\output\images\misc\jb-desinf-pbanos-ecol-bergam-limon-500.jpg
https://juliaoboticarios.com/2901-large_default/bruma-sensorial-bambu-250-ml.jpg,Bruma Sensorial Bambú 250ml,https://juliaoboticarios.com/?controller=bestsales,,,jpg,39.32,misc,True,data\output\images\misc\bruma-sensorial-bambu-250-ml.jpg
https://juliaoboticarios.com/2666-large_default/jb-balsamo-corporal-serenidad-200-g.jpg,Bálsamo Corporal Serenidad...,https://juliaoboticarios.com/?controller=bestsales,,,jpg,97.4,misc,True,data\output\images\misc\jb-balsamo-corporal-serenidad-200-g.jpg
https://juliaoboticarios.com/2983-large_default/jb-fijador-corporal-80-ml.jpg,Fijador Corporal Para...,https://juliaoboticarios.com/?controller=bestsales,,,jpg,55.37,misc,True,data\output\images\misc\jb-fijador-corporal-80-ml.jpg
https://juliaoboticarios.com/2689-large_default/jb-elixir-corporal-gratitud-45-ml.jpg,Mini Elixir corporal...,https://juliaoboticarios.com/?controller=bestsales,,,jpg,51.77,misc,True,data\output\images\misc\jb-elixir-corporal-gratitud-45-ml.jpg
https://juliaoboticarios.com/2660-large_default/jb-elixir-corporal-aqui-y-ahora-125-ml.jpg,Elixir Corporal Aquí Y...,https://juliaoboticarios.com/?controller=bestsales,,,jpg,47.87,misc,True,data\output\images\misc\jb-elixir-corporal-aqui-y-ahora-125-ml.jpg
https://juliaoboticarios.com/3046-large_default/kit-coloracion-5g-naturtint.jpg,Coloración Castaño Claro...,https://juliaoboticarios.com/?controller=bestsales,,,jpg,102.27,misc,True,data\output\images\misc\kit-coloracion-5g-naturtint.jpg
https://juliaoboticarios.com/641-home_default/kit-coloracion-5g-naturtint.jpg,Coloración Castaño Claro Dorado 5G Naturtint,https://juliaoboticarios.com/?controller=bestsales,470,609,jpg,102.27,misc,True,data\output\images\misc\kit-coloracion-5g-naturtint.jpg
https://juliaoboticarios.com/2663-large_default/jb-aceite-ambiental-gratitud-25-ml.jpg,Aceite Ambiental Gratitud...,https://juliaoboticarios.com/?controller=bestsales,,,jpg,45.46,misc,True,data\output\images\misc\jb-aceite-ambiental-gratitud-25-ml.jpg
https://juliaoboticarios.com/2832-large_default/jb-chancapiedra-hojas-picadas-50-gr.jpg,Chancapiedra Hojas Picadas...,https://juliaoboticarios.com/?controller=bestsales,,,jpg,107.41,misc,True,data\output\images\misc\jb-chancapiedra-hojas-picadas-50-gr.jpg
https://juliaoboticarios.com/2678-large_default/jabon-liq-manos-palo-santo-500-ml.jpg,Jabón Liquido Para Manos...,https://juliaoboticarios.com/?controller=bestsales,,,jpg,45.08,misc,True,data\output\images\misc\jabon-liq-manos-palo-santo-500-ml.jpg
https://juliaoboticarios.com/2867-large_default/kit-flor-de-luna-80.jpg,Kit Flor De Luna,https://juliaoboticarios.com/?controller=bestsales,,,jpg,73.84,misc,True,data\output\images\misc\kit-flor-de-luna-80.jpg
https://juliaoboticarios.com/2682-large_default/jb-crema-humect-p-manos-te-verde-500-g.jpg,Crema humectante para manos...,https://juliaoboticarios.com/?controller=bestsales,,,jpg,43.99,misc,True,data\output\images\misc\jb-crema-humect-p-manos-te-verde-500-g.jpg
https://juliaoboticarios.com/2933-large_default/jb-aceite-esencial-menta-10ml.jpg,Aceite Esencial De Menta 10 Ml,https://juliaoboticarios.com/?controller=bestsales,,,jpg,61.37,misc,True,data\output\images\misc\jb-aceite-esencial-menta-10ml.jpg
https://juliaoboticarios.com/2906-large_default/jb-bruma-sensorial-aqui-y-ahora-250-ml.jpg,Bruma Sensorial Aquí Y...,https://juliaoboticarios.com/?controller=bestsales,,,jpg,41.05,misc,True,data\output\images\misc\jb-bruma-sensorial-aqui-y-ahora-250-ml.jpg
https://juliaoboticarios.com/themes/leo_frido/assets/img/modules/leoslideshow/capie1.jpg,,https://juliaoboticarios.com/?SubmitCurrency=1&id_currency=1,,,jpg,163.98,misc,True,data\output\images\misc\capie1.jpg
https://juliaoboticarios.com/2671-large_default/jb-exfoliante-gratitud-200-g.jpg,Exfoliante Corporal...,https://juliaoboticarios.com/46-rituales,,,jpg,109.8,collections,True,data\output\images\collections\jb-exfoliante-gratitud-200-g.jpg
https://juliaoboticarios.com/2673-large_default/jb-exfoliante-serenidad-200-g.jpg,Exfoliante Serenidad 200 G,https://juliaoboticarios.com/46-rituales,,,jpg,107.85,collections,True,data\output\images\collections\jb-exfoliante-serenidad-200-g.jpg
https://juliaoboticarios.com/2751-large_default/jb-infusion-herbal-sviernes-x-12u-30g.jpg,Infusión Herbal Siempre...,https://juliaoboticarios.com/46-rituales,,,jpg,89.54,collections,True,data\output\images\collections\jb-infusion-herbal-sviernes-x-12u-30g.jpg
https://juliaoboticarios.com/1549-home_default/jb-infusion-herbal-sviernes-x-12u-30g.jpg,Infusión Herbal Siempre Viernes X 12U-30G,https://juliaoboticarios.com/46-rituales,470,609,jpg,89.54,collections,True,data\output\images\collections\jb-infusion-herbal-sviernes-x-12u-30g.jpg
https://juliaoboticarios.com/2667-large_default/jb-balsamo-corporal-gratitud-200-g.jpg,Bálsamo Corporal Gratitud 200G,https://juliaoboticarios.com/46-rituales,,,jpg,103.69,collections,True,data\output\images\collections\jb-balsamo-corporal-gratitud-200-g.jpg
https://juliaoboticarios.com/2910-large_default/bruma-sensorial-gratitud-60-ml.jpg,Bruma Sensorial Gratitud 60ml,https://juliaoboticarios.com/46-rituales,,,jpg,37.31,collections,True,data\output\images\collections\bruma-sensorial-gratitud-60-ml.jpg
https://juliaoboticarios.com/2899-large_default/bruma-sensorial-serenidad-60-ml.jpg,Bruma Sensorial Serenidad 60ml,https://juliaoboticarios.com/46-rituales,,,jpg,34.91,collections,True,data\output\images\collections\bruma-sensorial-serenidad-60-ml.jpg
https://juliaoboticarios.com/2892-large_default/bruma-sensorial-siempre-viernes-60-ml.jpg,Bruma Sensorial Siempre...,https://juliaoboticarios.com/46-rituales,,,jpg,38.25,collections,True,data\output\images\collections\bruma-sensorial-siempre-viernes-60-ml.jpg
https://juliaoboticarios.com/2648-large_default/jb-leche-de-bano-siempre-viernes-45ml.jpg,Leche de baño siempre...,https://juliaoboticarios.com/46-rituales,,,jpg,53.17,collections,True,data\output\images\collections\jb-leche-de-bano-siempre-viernes-45ml.jpg
https://juliaoboticarios.com/2700-large_default/kir-ritual-intencion-aqui-y-ahora-.jpg,Kit Ritual intención Aquí y...,https://juliaoboticarios.com/46-rituales,,,jpg,85.12,collections,True,data\output\images\collections\kir-ritual-intencion-aqui-y-ahora-.jpg
https://juliaoboticarios.com/2699-home_default/kir-ritual-intencion-aqui-y-ahora-.jpg,Kit Ritual intención Aquí y Ahora,https://juliaoboticarios.com/46-rituales,470,609,jpg,41.68,collections,True,data\output\images\collections\kir-ritual-intencion-aqui-y-ahora-.jpg
https://juliaoboticarios.com/2644-large_default/jb-vela-aqui-y-ahora-85-g.jpg,Vela Aquí Y Ahora 85gr,https://juliaoboticarios.com/46-rituales,,,jpg,76.93,collections,True,data\output\images\collections\jb-vela-aqui-y-ahora-85-g.jpg
https://juliaoboticarios.com/2698-large_default/jb-kit-ritual-intencion-gratitud.jpg,Kit Ritual Intención Gratitud,https://juliaoboticarios.com/46-rituales,,,jpg,86.92,collections,True,data\output\images\collections\jb-kit-ritual-intencion-gratitud.jpg
https://juliaoboticarios.com/1537-home_default/jb-kit-ritual-intencion-gratitud.jpg,Kit Ritual Intención Gratitud,https://juliaoboticarios.com/46-rituales,470,609,jpg,135.82,collections,True,data\output\images\collections\jb-kit-ritual-intencion-gratitud.jpg
https://juliaoboticarios.com/2750-large_default/infusion-herbal-serenidad-x-12u-30g.jpg,Infusion Herbal Serenidad X...,https://juliaoboticarios.com/46-rituales,,,jpg,88.22,collections,True,data\output\images\collections\infusion-herbal-serenidad-x-12u-30g.jpg
https://juliaoboticarios.com/1460-home_default/infusion-herbal-serenidad-x-12u-30g.jpg,Infusion Herbal Serenidad X 12U-30G,https://juliaoboticarios.com/46-rituales,470,609,jpg,172.54,collections,True,data\output\images\collections\infusion-herbal-serenidad-x-12u-30g.jpg
https://juliaoboticarios.com/2668-large_default/jb-balsamo-corporal-aqui-y-ahora-200-g.jpg,Bálsamo Corporal Aquí Y...,https://juliaoboticarios.com/46-rituales,,,jpg,102.24,collections,True,data\output\images\collections\jb-balsamo-corporal-aqui-y-ahora-200-g.jpg
https://juliaoboticarios.com/2643-large_default/vela-serenidad-85-g.jpg,Vela Serenidad 85gr,https://juliaoboticarios.com/46-rituales,,,jpg,77.6,collections,True,data\output\images\collections\vela-serenidad-85-g.jpg
https://juliaoboticarios.com/2897-large_default/bruma-sensorial-aqui-y-ahora-60-ml.jpg,Bruma Sensorial Aquí Y...,https://juliaoboticarios.com/46-rituales,,,jpg,37.54,collections,True,data\output\images\collections\bruma-sensorial-aqui-y-ahora-60-ml.jpg
https://juliaoboticarios.com/2640-large_default/jb-balsamo-corporal-serenidad-45-g.jpg,Bálsamo Corporal Serenidad...,https://juliaoboticarios.com/46-rituales,,,jpg,46.65,collections,True,data\output\images\collections\jb-balsamo-corporal-serenidad-45-g.jpg
https://juliaoboticarios.com/2905-large_default/jb-bruma-sensorial-gratitud-250-ml.jpg,Bruma Sensorial Gratitud...,https://juliaoboticarios.com/46-rituales,,,jpg,39.63,collections,True,data\output\images\collections\jb-bruma-sensorial-gratitud-250-ml.jpg
https://juliaoboticarios.com/2647-large_default/jb-leche-de-bano-aqui-y-ahora-45-ml.jpg,Mini Leche de baño Aquí y...,https://juliaoboticarios.com/46-rituales,,,jpg,53.57,collections,True,data\output\images\collections\jb-leche-de-bano-aqui-y-ahora-45-ml.jpg
https://juliaoboticarios.com/2637-large_default/jb-balsamo-corporal-gratitud-45-g.jpg,Bálsamo Corporal Gratitud 45gr,https://juliaoboticarios.com/46-rituales,,,jpg,52.41,collections,True,data\output\images\collections\jb-balsamo-corporal-gratitud-45-g.jpg
https://juliaoboticarios.com/2645-large_default/mini-leche-de-bano-gratitud-45-ml.jpg,Leche de baño Gratitud 45 ml,https://juliaoboticarios.com/46-rituales,,,jpg,52.91,collections,True,data\output\images\collections\mini-leche-de-bano-gratitud-45-ml.jpg
https://juliaoboticarios.com/2688-large_default/jb-elixir-corporal-aqui-y-ahora-45-ml.jpg,Mini Elixir corporal Aquí y...,https://juliaoboticarios.com/46-rituales,,,jpg,51.79,collections,True,data\output\images\collections\jb-elixir-corporal-aqui-y-ahora-45-ml.jpg
https://juliaoboticarios.com/2636-large_default/jb-balsamo-corporal-aqui-y-ahora-45-g.jpg,Bálsamo Corporal Aquí Y...,https://juliaoboticarios.com/46-rituales,,,jpg,53.31,collections,True,data\output\images\collections\jb-balsamo-corporal-aqui-y-ahora-45-g.jpg
https://juliaoboticarios.com/2662-large_default/jb-aceite-ambiental-aqui-y-ahora-25-ml.jpg,Aceite Ambiental Aqui Y...,https://juliaoboticarios.com/46-rituales,,,jpg,46.01,collections,True,data\output\images\collections\jb-aceite-ambiental-aqui-y-ahora-25-ml.jpg
https://juliaoboticarios.com/2672-large_default/jb-exfoliante-aqui-y-ahora-200-g.jpg,Exfoliante Corporal Aquí Y...,https://juliaoboticarios.com/46-rituales,,,jpg,113.6,collections,True,data\output\images\collections\jb-exfoliante-aqui-y-ahora-200-g.jpg
https://juliaoboticarios.com/2854-large_default/mini-leche-de-bano-serenidad-45-ml.jpg,Leche de baño serenidad 45 ml,https://juliaoboticarios.com/46-rituales,,,jpg,48.98,collections,True,data\output\images\collections\mini-leche-de-bano-serenidad-45-ml.jpg
https://juliaoboticarios.com/2693-large_default/jb-kit-ritual-intencion-siempre-viernes.jpg,Kit Ritual Intención...,https://juliaoboticarios.com/46-rituales,,,jpg,87.83,collections,True,data\output\images\collections\jb-kit-ritual-intencion-siempre-viernes.jpg
https://juliaoboticarios.com/1510-home_default/jb-kit-ritual-intencion-siempre-viernes.jpg,Kit Ritual Intención Siempre Viernes,https://juliaoboticarios.com/46-rituales,470,609,jpg,87.83,collections,True,data\output\images\collections\jb-kit-ritual-intencion-siempre-viernes.jpg
https://juliaoboticarios.com/2762-large_default/jb-calendula-flor-125-gr.jpg,Calendula Flor 125 Gr,https://juliaoboticarios.com/12-cuidado-de-la-salud,,,jpg,119.36,collections,True,data\output\images\collections\jb-calendula-flor-125-gr.jpg
https://juliaoboticarios.com/2759-large_default/jb-anis-en-grano-125-gr.jpg,Anís En Grano 125 G,https://juliaoboticarios.com/12-cuidado-de-la-salud,,,jpg,112.39,collections,True,data\output\images\collections\jb-anis-en-grano-125-gr.jpg
https://juliaoboticarios.com/2853-large_default/infusion-herbal-aire-libre-x-12u-30g.jpg,Infusión Herbal Aire Libre...,https://juliaoboticarios.com/12-cuidado-de-la-salud,,,jpg,94.16,collections,True,data\output\images\collections\infusion-herbal-aire-libre-x-12u-30g.jpg
https://juliaoboticarios.com/3041-large_default/jb-flor-de-jamaica-50-gr.jpg,Flor De Jamaica 125  gr,https://juliaoboticarios.com/12-cuidado-de-la-salud,,,jpg,63.48,collections,True,data\output\images\collections\jb-flor-de-jamaica-50-gr.jpg
https://juliaoboticarios.com/3035-large_default/kit-coloracion-6-elementos-naturtint.jpg,Maca Polvo 125 gr,https://juliaoboticarios.com/12-cuidado-de-la-salud,,,jpg,66.9,collections,True,data\output\images\collections\kit-coloracion-6-elementos-naturtint.jpg
https://juliaoboticarios.com/2942-large_default/fusiones-esencial-rollon-alivio-emocional-x-10-ml.jpg,Fusiones Esencial Rollón un...,https://juliaoboticarios.com/12-cuidado-de-la-salud,,,jpg,37.33,collections,True,data\output\images\collections\fusiones-esencial-rollon-alivio-emocional-x-10-ml.jpg
https://juliaoboticarios.com/2941-large_default/fusiones-esencial-rollon-sueno-reparador-x-10-ml.jpg,Fusiones Esencial Rollón...,https://juliaoboticarios.com/12-cuidado-de-la-salud,,,jpg,37.19,collections,True,data\output\images\collections\fusiones-esencial-rollon-sueno-reparador-x-10-ml.jpg
https://juliaoboticarios.com/2846-large_default/jb-miel-infusionada-jengibre-limon-237g.jpg,Miel infusionada Jengibre...,https://juliaoboticarios.com/12-cuidado-de-la-salud,,,jpg,91.2,collections,True,data\output\images\collections\jb-miel-infusionada-jengibre-limon-237g.jpg
https://juliaoboticarios.com/2845-large_default/jb-miel-infusionada-jengibre-limon-55g.jpg,Miel infusionada Jengibre...,https://juliaoboticarios.com/12-cuidado-de-la-salud,,,jpg,115.21,collections,True,data\output\images\collections\jb-miel-infusionada-jengibre-limon-55g.jpg
https://juliaoboticarios.com/3150-large_default/jb-muestra-perfume-ambar-y-santal-7ml.jpg,Gelatina Sin Sabor 125 g,https://juliaoboticarios.com/12-cuidado-de-la-salud,,,jpg,53.33,collections,True,data\output\images\collections\jb-muestra-perfume-ambar-y-santal-7ml.jpg
https://juliaoboticarios.com/3149-large_default/jb-fe-roll-on-guardian-x-10-ml.jpg,Boldo Hojas 50 gr,https://juliaoboticarios.com/12-cuidado-de-la-salud,,,jpg,76.25,collections,True,data\output\images\collections\jb-fe-roll-on-guardian-x-10-ml.jpg
https://juliaoboticarios.com/2863-large_default/jb-laurel-hojas-x-50-grs.jpg,Laurel Hojas 50 gr,https://juliaoboticarios.com/12-cuidado-de-la-salud,,,jpg,91.26,collections,True,data\output\images\collections\jb-laurel-hojas-x-50-grs.jpg
https://juliaoboticarios.com/2864-large_default/jb-vinagre-de-manzanar-flor-x-500-ml.jpg,Vinagre de Manzana Flor x...,https://juliaoboticarios.com/12-cuidado-de-la-salud,,,jpg,60.31,collections,True,data\output\images\collections\jb-vinagre-de-manzanar-flor-x-500-ml.jpg
https://juliaoboticarios.com/2850-large_default/miel-infusionada-corozo-237-gr.jpg,Miel Infusionada Corozo 237gr,https://juliaoboticarios.com/12-cuidado-de-la-salud,,,jpg,100.43,collections,True,data\output\images\collections\miel-infusionada-corozo-237-gr.jpg
https://juliaoboticarios.com/2851-large_default/miel-infusionada-corozo-55-gr.jpg,Miel Infusionada Corozo 55gr,https://juliaoboticarios.com/12-cuidado-de-la-salud,,,jpg,132.31,collections,True,data\output\images\collections\miel-infusionada-corozo-55-gr.jpg
https://juliaoboticarios.com/2934-large_default/aceite-esencial-oregano-10ml.jpg,Aceite Esencial De Orégano...,https://juliaoboticarios.com/12-cuidado-de-la-salud,,,jpg,61.72,collections,True,data\output\images\collections\aceite-esencial-oregano-10ml.jpg
https://juliaoboticarios.com/2917-large_default/vinagre-de-manzana-curcuma-x-500-manzato.jpg,Vinagre de Manzana Cúrcuma...,https://juliaoboticarios.com/12-cuidado-de-la-salud,,,jpg,55.54,collections,True,data\output\images\collections\vinagre-de-manzana-curcuma-x-500-manzato.jpg
https://juliaoboticarios.com/2918-large_default/vinagre-de-manzana-curcuma-x-500-manzato.jpg,Vinagre de Manzana X 500ml...,https://juliaoboticarios.com/12-cuidado-de-la-salud,,,jpg,60.09,collections,True,data\output\images\collections\vinagre-de-manzana-curcuma-x-500-manzato.jpg
https://juliaoboticarios.com/3127-large_default/aceite-de-linaza-x-250-m-l.jpg,Aceite de Linaza X 250ml,https://juliaoboticarios.com/12-cuidado-de-la-salud,,,jpg,30.46,collections,True,data\output\images\collections\aceite-de-linaza-x-250-m-l.jpg
https://juliaoboticarios.com/2388-large_default/aceite-de-ajonjol-i-natural-x-250-ml.jpg,Aceite de Ajonjolí Natural...,https://juliaoboticarios.com/12-cuidado-de-la-salud,,,jpg,41.18,collections,True,data\output\images\collections\aceite-de-ajonjol-i-natural-x-250-ml.jpg
https://juliaoboticarios.com/3123-large_default/aceite-de-coco-organico-x-200-ml.jpg,Aceite de Coco Orgánico X...,https://juliaoboticarios.com/12-cuidado-de-la-salud,,,jpg,76.61,collections,True,data\output\images\collections\aceite-de-coco-organico-x-200-ml.jpg
https://juliaoboticarios.com/2844-large_default/miel-mil-flores-460-gr-.jpg,Miel Mil Flores 460gr,https://juliaoboticarios.com/12-cuidado-de-la-salud,,,jpg,80.03,collections,True,data\output\images\collections\miel-mil-flores-460-gr-.jpg
https://juliaoboticarios.com/2847-large_default/-miel-infusionada-jengibre-limon-460g.jpg,Miel Infusionada Jengibre...,https://juliaoboticarios.com/12-cuidado-de-la-salud,,,jpg,76.95,collections,True,data\output\images\collections\-miel-infusionada-jengibre-limon-460g.jpg
https://juliaoboticarios.com/2841-large_default/miel-de-campanitas-460-gr-.jpg,Miel de Campanitas 460gr,https://juliaoboticarios.com/12-cuidado-de-la-salud,,,jpg,79.0,collections,True,data\output\images\collections\miel-de-campanitas-460-gr-.jpg
https://juliaoboticarios.com/2988-large_default/te-verde-matcha-amor-everyday-x-50g.jpg,Té Verde Matcha Amor...,https://juliaoboticarios.com/12-cuidado-de-la-salud,,,jpg,75.35,collections,True,data\output\images\collections\te-verde-matcha-amor-everyday-x-50g.jpg
https://juliaoboticarios.com/2956-large_default/-te-matcha-amor-you-nea-colageno-x-150-gr.jpg,Te Matcha Amor You Nea...,https://juliaoboticarios.com/12-cuidado-de-la-salud,,,jpg,60.28,collections,True,data\output\images\collections\-te-matcha-amor-you-nea-colageno-x-150-gr.jpg
https://juliaoboticarios.com/2829-large_default/jb-cola-de-caballo-hojas-picadas-50-gr.jpg,Cola De Caballo Hojas...,https://juliaoboticarios.com/12-cuidado-de-la-salud,,,jpg,112.27,collections,True,data\output\images\collections\jb-cola-de-caballo-hojas-picadas-50-gr.jpg
https://juliaoboticarios.com/2810-large_default/jb-cardo-mariano-semilla-50-gr.jpg,Cardo Mariano Semilla 50 G,https://juliaoboticarios.com/12-cuidado-de-la-salud,,,jpg,94.32,collections,True,data\output\images\collections\jb-cardo-mariano-semilla-50-gr.jpg
https://juliaoboticarios.com/2805-large_default/jb-acacia-de-la-india-50-gr.jpg,Acacia De La India 50 G,https://juliaoboticarios.com/12-cuidado-de-la-salud,,,jpg,102.01,collections,True,data\output\images\collections\jb-acacia-de-la-india-50-gr.jpg
https://juliaoboticarios.com/2935-large_default/aceite-esencial-de-bergamota-10-ml.jpg,Aceite Esencial De...,https://juliaoboticarios.com/12-cuidado-de-la-salud,,,jpg,61.88,collections,True,data\output\images\collections\aceite-esencial-de-bergamota-10-ml.jpg
https://juliaoboticarios.com/2827-large_default/jb-flor-de-jamaica-50-gr.jpg,Flor De Jamaica 50 G,https://juliaoboticarios.com/12-cuidado-de-la-salud,,,jpg,63.48,collections,True,data\output\images\collections\jb-flor-de-jamaica-50-gr.jpg
https://juliaoboticarios.com/2940-large_default/fusiones-esencial-rollon-felicidad-x-10-ml.jpg,Fusiones Esencial Rollón...,https://juliaoboticarios.com/12-cuidado-de-la-salud,,,jpg,37.23,collections,True,data\output\images\collections\fusiones-esencial-rollon-felicidad-x-10-ml.jpg
https://juliaoboticarios.com/2924-large_default/jb-aceite-esencial-lavanda-10ml.jpg,Aceite Esencial De Lavanda...,https://juliaoboticarios.com/12-cuidado-de-la-salud,,,jpg,61.71,collections,True,data\output\images\collections\jb-aceite-esencial-lavanda-10ml.jpg
https://juliaoboticarios.com/2822-large_default/jb-moringa-hojas-picadas-50-gr.jpg,Moringa Hojas Picadas 50 G,https://juliaoboticarios.com/12-cuidado-de-la-salud,,,jpg,113.32,collections,True,data\output\images\collections\jb-moringa-hojas-picadas-50-gr.jpg
https://juliaoboticarios.com/3010-large_default/jb-mezcla-cognitive-boost-x-100g-umhana.jpg,Mezcla Mente Presente...,https://juliaoboticarios.com/12-cuidado-de-la-salud,,,jpg,108.76,collections,True,data\output\images\collections\jb-mezcla-cognitive-boost-x-100g-umhana.jpg
https://juliaoboticarios.com/2415-home_default/jb-mezcla-cognitive-boost-x-100g-umhana.jpg,Mezcla Mente Presente Umhana x 100gr,https://juliaoboticarios.com/12-cuidado-de-la-salud,470,609,jpg,31.43,collections,True,data\output\images\collections\jb-mezcla-cognitive-boost-x-100g-umhana.jpg
https://juliaoboticarios.com/2913-large_default/jb-mezcla-cognitive-boost-x-50g-umhana.jpg,Mezcla Mente Presente...,https://juliaoboticarios.com/12-cuidado-de-la-salud,,,jpg,152.66,collections,True,data\output\images\collections\jb-mezcla-cognitive-boost-x-50g-umhana.jpg
https://juliaoboticarios.com/2413-home_default/jb-mezcla-cognitive-boost-x-50g-umhana.jpg,Mezcla Mente Presente Umhana x 50gr,https://juliaoboticarios.com/12-cuidado-de-la-salud,470,609,jpg,31.43,collections,True,data\output\images\collections\jb-mezcla-cognitive-boost-x-50g-umhana.jpg
https://juliaoboticarios.com/2916-large_default/jb-mezcla-calma-x-100g-umhana.jpg,Mezcla Cacao Para el Alma...,https://juliaoboticarios.com/12-cuidado-de-la-salud,,,jpg,125.69,collections,True,data\output\images\collections\jb-mezcla-calma-x-100g-umhana.jpg
https://juliaoboticarios.com/2408-home_default/jb-mezcla-calma-x-100g-umhana.jpg,Mezcla Cacao Para el Alma Umhana x 100gr,https://juliaoboticarios.com/12-cuidado-de-la-salud,470,609,jpg,125.69,collections,True,data\output\images\collections\jb-mezcla-calma-x-100g-umhana.jpg
https://juliaoboticarios.com/2842-large_default/jb-miel-mil-flores-55gr-caucasia-ant.jpg,Miel Mil Flores Caucasia...,https://juliaoboticarios.com/12-cuidado-de-la-salud,,,jpg,127.8,collections,True,data\output\images\collections\jb-miel-mil-flores-55gr-caucasia-ant.jpg
https://juliaoboticarios.com/2838-large_default/jb-miel-de-campanitas-55gr-costa-atl.jpg,Miel De Campanitas Costa...,https://juliaoboticarios.com/12-cuidado-de-la-salud,,,jpg,115.91,collections,True,data\output\images\collections\jb-miel-de-campanitas-55gr-costa-atl.jpg
https://juliaoboticarios.com/2826-large_default/jb-semillas-de-chia-250-gr.jpg,Semillas De Chia 250 G,https://juliaoboticarios.com/12-cuidado-de-la-salud,,,jpg,126.35,collections,True,data\output\images\collections\jb-semillas-de-chia-250-gr.jpg
https://juliaoboticarios.com/2843-large_default/jb-miel-mil-flores-237gr-caucasia-ant.jpg,Miel Mil Flores Caucasia...,https://juliaoboticarios.com/12-cuidado-de-la-salud,,,jpg,91.15,collections,True,data\output\images\collections\jb-miel-mil-flores-237gr-caucasia-ant.jpg
https://juliaoboticarios.com/2839-large_default/jb-miel-de-campanitas-237-gr-costa-atl.jpg,Miel De Campanitas Costa...,https://juliaoboticarios.com/12-cuidado-de-la-salud,,,jpg,99.65,collections,True,data\output\images\collections\jb-miel-de-campanitas-237-gr-costa-atl.jpg
https://juliaoboticarios.com/2828-large_default/jb-clavo-de-olor-125-gr.jpg,Clavo De Olor 125 G,https://juliaoboticarios.com/12-cuidado-de-la-salud,,,jpg,87.62,collections,True,data\output\images\collections\jb-clavo-de-olor-125-gr.jpg
https://juliaoboticarios.com/2937-large_default/jb-fe-eucalipto-y-limon-5-ml.jpg,"Fusión Esencial Eucalipto,...",https://juliaoboticarios.com/12-cuidado-de-la-salud,,,jpg,72.04,collections,True,data\output\images\collections\jb-fe-eucalipto-y-limon-5-ml.jpg
https://juliaoboticarios.com/2852-large_default/semilla-de-cardamomo-30-g.jpg,Semilla De Cardamomo 30 G,https://juliaoboticarios.com/12-cuidado-de-la-salud,,,jpg,86.68,collections,True,data\output\images\collections\semilla-de-cardamomo-30-g.jpg
https://juliaoboticarios.com/2834-large_default/jb-canela-astilla-50-gr.jpg,Canela En Astilla 50 G,https://juliaoboticarios.com/12-cuidado-de-la-salud,,,jpg,81.19,collections,True,data\output\images\collections\jb-canela-astilla-50-gr.jpg
https://juliaoboticarios.com/2821-large_default/jb-sen-hojas-50-gr.jpg,Sen Hojas 50 G,https://juliaoboticarios.com/12-cuidado-de-la-salud,,,jpg,103.56,collections,True,data\output\images\collections\jb-sen-hojas-50-gr.jpg
https://juliaoboticarios.com/2820-large_default/jb-linaza-semilla-125-gr.jpg,Linaza Semilla 125 G,https://juliaoboticarios.com/12-cuidado-de-la-salud,,,jpg,91.85,collections,True,data\output\images\collections\jb-linaza-semilla-125-gr.jpg
https://juliaoboticarios.com/2824-large_default/jb-eucalipto-hojas-50-gr.jpg,Eucalipto Hojas 50 G,https://juliaoboticarios.com/12-cuidado-de-la-salud,,,jpg,83.89,collections,True,data\output\images\collections\jb-eucalipto-hojas-50-gr.jpg
https://juliaoboticarios.com/2835-large_default/cloruro-de-magnesio-125-g.jpg,Cloruro De Magnesio 125 G,https://juliaoboticarios.com/12-cuidado-de-la-salud,,,jpg,48.41,collections,True,data\output\images\collections\cloruro-de-magnesio-125-g.jpg
https://juliaoboticarios.com/2825-large_default/jb-polen-granulado-125-gr.jpg,Polen Granulado 125 G,https://juliaoboticarios.com/12-cuidado-de-la-salud,,,jpg,92.38,collections,True,data\output\images\collections\jb-polen-granulado-125-gr.jpg
https://juliaoboticarios.com/2930-large_default/jb-aceite-esencial-hierbabuena-10ml.jpg,Aceite Esencial Hierbabuena...,https://juliaoboticarios.com/12-cuidado-de-la-salud,,,jpg,61.82,collections,True,data\output\images\collections\jb-aceite-esencial-hierbabuena-10ml.jpg
https://juliaoboticarios.com/2926-large_default/jb-aceite-esencial-naranja-10ml.jpg,Aceite Esencial Naranja 10Ml,https://juliaoboticarios.com/12-cuidado-de-la-salud,,,jpg,61.76,collections,True,data\output\images\collections\jb-aceite-esencial-naranja-10ml.jpg
https://juliaoboticarios.com/2787-large_default/jb-sal-de-epson-500-gr.jpg,Sal De Epson 500 G,https://juliaoboticarios.com/12-cuidado-de-la-salud,,,jpg,43.5,collections,True,data\output\images\collections\jb-sal-de-epson-500-gr.jpg
https://juliaoboticarios.com/2939-large_default/jb-fe-naranja-y-pimienta-5-ml.jpg,"Fusión Esencial Naranja,...",https://juliaoboticarios.com/12-cuidado-de-la-salud,,,jpg,71.23,collections,True,data\output\images\collections\jb-fe-naranja-y-pimienta-5-ml.jpg
https://juliaoboticarios.com/2938-large_default/jb-fe-eucalipto-y-romero-5ml.jpg,"Fusión Esencial Eucalipto,...",https://juliaoboticarios.com/12-cuidado-de-la-salud,,,jpg,71.43,collections,True,data\output\images\collections\jb-fe-eucalipto-y-romero-5ml.jpg
https://juliaoboticarios.com/2928-large_default/jb-aceite-esencial-romero-10ml.jpg,Aceite Esencial De Romero...,https://juliaoboticarios.com/12-cuidado-de-la-salud,,,jpg,61.49,collections,True,data\output\images\collections\jb-aceite-esencial-romero-10ml.jpg
https://juliaoboticarios.com/2929-large_default/jb-aceite-esencial-eucalipto-10ml.jpg,Aceite Esencial De...,https://juliaoboticarios.com/12-cuidado-de-la-salud,,,jpg,61.84,collections,True,data\output\images\collections\jb-aceite-esencial-eucalipto-10ml.jpg
https://juliaoboticarios.com/2931-large_default/jb-aceite-esencial-citronela-10ml.jpg,Aceite Esencial De...,https://juliaoboticarios.com/12-cuidado-de-la-salud,,,jpg,61.82,collections,True,data\output\images\collections\jb-aceite-esencial-citronela-10ml.jpg
https://juliaoboticarios.com/2927-large_default/jb-aceite-esencial-arbol-de-te-10ml.jpg,Aceite Esencial De Árbol De...,https://juliaoboticarios.com/12-cuidado-de-la-salud,,,jpg,62.05,collections,True,data\output\images\collections\jb-aceite-esencial-arbol-de-te-10ml.jpg
https://juliaoboticarios.com/2925-large_default/aceite-esencial-de-hinojo-10-ml.jpg,Aceite Esencial De Hinojo...,https://juliaoboticarios.com/12-cuidado-de-la-salud,,,jpg,61.81,collections,True,data\output\images\collections\aceite-esencial-de-hinojo-10-ml.jpg
https://juliaoboticarios.com/2809-large_default/jb-acai-x-125-grs.jpg,Acai X 125 G,https://juliaoboticarios.com/12-cuidado-de-la-salud,,,jpg,104.34,collections,True,data\output\images\collections\jb-acai-x-125-grs.jpg
https://juliaoboticarios.com/2823-large_default/jb-linaza-molida-250-gr.jpg,Linaza Molida 250 G,https://juliaoboticarios.com/12-cuidado-de-la-salud,,,jpg,123.67,collections,True,data\output\images\collections\jb-linaza-molida-250-gr.jpg
https://juliaoboticarios.com/2769-large_default/jb-curcuma-polvo-125-gr.jpg,Curcuma En Polvo 125 G,https://juliaoboticarios.com/12-cuidado-de-la-salud,,,jpg,66.75,collections,True,data\output\images\collections\jb-curcuma-polvo-125-gr.jpg
https://juliaoboticarios.com/2831-large_default/jb-te-verde-hojas-50-gr.jpg,Te Verde Hojas 50 G,https://juliaoboticarios.com/12-cuidado-de-la-salud,,,jpg,93.37,collections,True,data\output\images\collections\jb-te-verde-hojas-50-gr.jpg
https://juliaoboticarios.com/2763-large_default/jb-calendula-flor-50-gr.jpg,Caléndula Flor 50 Gr,https://juliaoboticarios.com/12-cuidado-de-la-salud,,,jpg,108.92,collections,True,data\output\images\collections\jb-calendula-flor-50-gr.jpg
https://juliaoboticarios.com/2808-large_default/jb-anis-estrellado-50gr.jpg,Anís Estrellado 50G,https://juliaoboticarios.com/12-cuidado-de-la-salud,,,jpg,87.52,collections,True,data\output\images\collections\jb-anis-estrellado-50gr.jpg
https://juliaoboticarios.com/2812-large_default/jb-alhucema-flor-50-gr.jpg,Alhucema Flor 50 G,https://juliaoboticarios.com/12-cuidado-de-la-salud,,,jpg,118.61,collections,True,data\output\images\collections\jb-alhucema-flor-50-gr.jpg
https://juliaoboticarios.com/2830-large_default/jb-jengibre-polvo-125-gr.jpg,Jengibre En Polvo 125 G,https://juliaoboticarios.com/12-cuidado-de-la-salud,,,jpg,93.66,collections,True,data\output\images\collections\jb-jengibre-polvo-125-gr.jpg
https://juliaoboticarios.com/2856-large_default/jb-nuez-moscada-entera-50-gr.jpg,Nuez Moscada Entera 50 G,https://juliaoboticarios.com/12-cuidado-de-la-salud,,,jpg,70.09,collections,True,data\output\images\collections\jb-nuez-moscada-entera-50-gr.jpg
https://juliaoboticarios.com/3122-large_default/jb-oregano-picado-x-50-gr.jpg,Orégano Picado x 50 gr,https://juliaoboticarios.com/12-cuidado-de-la-salud,,,jpg,85.97,collections,True,data\output\images\collections\jb-oregano-picado-x-50-gr.jpg
https://juliaoboticarios.com/3106-home_default/jb-oregano-picado-x-50-gr.jpg,Orégano Picado x 50 gr,https://juliaoboticarios.com/12-cuidado-de-la-salud,470,609,jpg,85.97,collections,True,data\output\images\collections\jb-oregano-picado-x-50-gr.jpg
https://juliaoboticarios.com/2953-large_default/vela-te-verde-270-g.jpg,Vela Te Verde 270gr,https://juliaoboticarios.com/38-cuidado-del-hogar,,,jpg,78.58,collections,True,data\output\images\collections\vela-te-verde-270-g.jpg
https://juliaoboticarios.com/977-large_default/jb-gel-antibact-verbena-y-te-verde-60ml-.jpg,Gel Antibacterial Verbena Y...,https://juliaoboticarios.com/38-cuidado-del-hogar,,,jpg,26.92,collections,True,data\output\images\collections\jb-gel-antibact-verbena-y-te-verde-60ml-.jpg
https://juliaoboticarios.com/2952-large_default/jb-vela-tonka-vainilla-270-g.jpg,Vela Tonka Vainilla 270 G,https://juliaoboticarios.com/38-cuidado-del-hogar,,,jpg,79.02,collections,True,data\output\images\collections\jb-vela-tonka-vainilla-270-g.jpg
https://juliaoboticarios.com/3151-large_default/jb-aceite-ambiental-verano-feliz-x-25ml.jpg,Aceite Ambiental Verano...,https://juliaoboticarios.com/38-cuidado-del-hogar,,,jpg,42.44,collections,True,data\output\images\collections\jb-aceite-ambiental-verano-feliz-x-25ml.jpg
https://juliaoboticarios.com/2870-large_default/aceite-ambiental-de-palo-santo-25-ml.jpg,Aceite Ambiental Palo Santo...,https://juliaoboticarios.com/38-cuidado-del-hogar,,,jpg,47.17,collections,True,data\output\images\collections\aceite-ambiental-de-palo-santo-25-ml.jpg
https://juliaoboticarios.com/2902-large_default/bruma-sensorial-palo-santo-250-ml.jpg,Bruma Sensorial Palo Santo...,https://juliaoboticarios.com/38-cuidado-del-hogar,,,jpg,40.0,collections,True,data\output\images\collections\bruma-sensorial-palo-santo-250-ml.jpg
https://juliaoboticarios.com/2903-large_default/-bruma-sensorial-te-verde-250-ml.jpg,Bruma Sensorial Te Verde 250ml,https://juliaoboticarios.com/38-cuidado-del-hogar,,,jpg,39.61,collections,True,data\output\images\collections\-bruma-sensorial-te-verde-250-ml.jpg
https://juliaoboticarios.com/1826-large_default/sahumerio-100gr-.jpg,Sahumerio 100gr,https://juliaoboticarios.com/38-cuidado-del-hogar,,,jpg,292.12,collections,True,data\output\images\collections\sahumerio-100gr-.jpg
https://juliaoboticarios.com/1956-large_default/jb-difusor-electrico-ball-hoja-x-180ml.jpg,Difusor electrico Ball Hoja...,https://juliaoboticarios.com/38-cuidado-del-hogar,,,jpg,44.44,collections,True,data\output\images\collections\jb-difusor-electrico-ball-hoja-x-180ml.jpg
https://juliaoboticarios.com/2875-large_default/jb-aceite-ambiental-flor-de-atardecer-25.jpg,Aceite Ambiental Flor de...,https://juliaoboticarios.com/38-cuidado-del-hogar,,,jpg,48.04,collections,True,data\output\images\collections\jb-aceite-ambiental-flor-de-atardecer-25.jpg
https://juliaoboticarios.com/1378-large_default/difusor-electrico-white-300-ml.jpg,Difusor Electrico White...,https://juliaoboticarios.com/38-cuidado-del-hogar,,,jpg,130.53,collections,True,data\output\images\collections\difusor-electrico-white-300-ml.jpg
https://juliaoboticarios.com/2954-large_default/difusor-electrico-redondo-x-500-ml.jpg,Difusor Eléctrico Redondo X...,https://juliaoboticarios.com/38-cuidado-del-hogar,,,jpg,20.21,collections,True,data\output\images\collections\difusor-electrico-redondo-x-500-ml.jpg
https://juliaoboticarios.com/2874-large_default/aceite-ambiental-cocoa-para-el-alma-x-25ml.jpg,Aceite Ambiental Cocoa para...,https://juliaoboticarios.com/38-cuidado-del-hogar,,,jpg,48.31,collections,True,data\output\images\collections\aceite-ambiental-cocoa-para-el-alma-x-25ml.jpg
https://juliaoboticarios.com/2872-large_default/jb-aceite-ambiental-de-te-verde-25-ml.jpg,Aceite Ambiental De Te...,https://juliaoboticarios.com/38-cuidado-del-hogar,,,jpg,46.58,collections,True,data\output\images\collections\jb-aceite-ambiental-de-te-verde-25-ml.jpg
https://juliaoboticarios.com/981-large_default/jb-difusor-electrico-everest-x-400ml.jpg,Difusor Electrico Everest X...,https://juliaoboticarios.com/38-cuidado-del-hogar,,,jpg,51.91,collections,True,data\output\images\collections\jb-difusor-electrico-everest-x-400ml.jpg
https://juliaoboticarios.com/980-home_default/jb-difusor-electrico-everest-x-400ml.jpg,Difusor Electrico Everest X 400Ml,https://juliaoboticarios.com/38-cuidado-del-hogar,470,609,jpg,51.91,collections,True,data\output\images\collections\jb-difusor-electrico-everest-x-400ml.jpg
https://juliaoboticarios.com/3051-large_default/kit-coloracion-8a-naturtint.jpg,Coloración Rubio Ceniza 8A...,https://juliaoboticarios.com/10-cuidado-personal,,,jpg,100.25,collections,True,data\output\images\collections\kit-coloracion-8a-naturtint.jpg
https://juliaoboticarios.com/1373-home_default/kit-coloracion-8a-naturtint.jpg,Coloración Rubio Ceniza 8A Naturtint,https://juliaoboticarios.com/10-cuidado-personal,470,609,jpg,28.85,collections,True,data\output\images\collections\kit-coloracion-8a-naturtint.jpg
https://juliaoboticarios.com/3048-large_default/kit-coloracion-7n-naturtint.jpg,Coloración Rubio Avellana...,https://juliaoboticarios.com/10-cuidado-personal,,,jpg,97.38,collections,True,data\output\images\collections\kit-coloracion-7n-naturtint.jpg
https://juliaoboticarios.com/1048-home_default/kit-coloracion-7n-naturtint.jpg,Kit Coloración Rubio Avellana 7N Naturtint,https://juliaoboticarios.com/10-cuidado-personal,470,609,jpg,29.23,collections,True,data\output\images\collections\kit-coloracion-7n-naturtint.jpg
https://juliaoboticarios.com/3054-large_default/kit-coloracion-castano-caoba-4m-naturtint.jpg,Coloración Castaño Caoba 4M...,https://juliaoboticarios.com/10-cuidado-personal,,,jpg,97.97,collections,True,data\output\images\collections\kit-coloracion-castano-caoba-4m-naturtint.jpg
https://juliaoboticarios.com/2052-home_default/kit-coloracion-castano-caoba-4m-naturtint.jpg,Coloración Castaño Caoba 4M Naturtint,https://juliaoboticarios.com/10-cuidado-personal,470,609,jpg,48.34,collections,True,data\output\images\collections\kit-coloracion-castano-caoba-4m-naturtint.jpg
https://juliaoboticarios.com/3020-large_default/naturtint-kit-coloracion-635.jpg,Coloración Castaño Canela...,https://juliaoboticarios.com/10-cuidado-personal,,,jpg,96.31,collections,True,data\output\images\collections\naturtint-kit-coloracion-635.jpg
https://juliaoboticarios.com/2443-home_default/naturtint-kit-coloracion-635.jpg,Coloración Castaño Canela Intenso 6.35 Naturtint,https://juliaoboticarios.com/10-cuidado-personal,470,609,jpg,65.78,collections,True,data\output\images\collections\naturtint-kit-coloracion-635.jpg
https://juliaoboticarios.com/2987-large_default/shampoo-de-coco-y-keratina-45-ml-.jpg,Mini shampoo de coco y...,https://juliaoboticarios.com/10-cuidado-personal,,,jpg,50.65,collections,True,data\output\images\collections\shampoo-de-coco-y-keratina-45-ml-.jpg
https://juliaoboticarios.com/1908-large_default/hair-food-purple-rice-mask-150-naturtint.jpg,Hair Food Purple Rice Mask...,https://juliaoboticarios.com/10-cuidado-personal,,,jpg,217.23,collections,True,data\output\images\collections\hair-food-purple-rice-mask-150-naturtint.jpg
https://juliaoboticarios.com/1907-large_default/hair-food-goji-mask-150-naturtint.jpg,Hair Food Goji Mask 150...,https://juliaoboticarios.com/10-cuidado-personal,,,jpg,216.8,collections,True,data\output\images\collections\hair-food-goji-mask-150-naturtint.jpg
https://juliaoboticarios.com/3030-large_default/tto-acondicionador-de-biotina-y-nuez-de-brasil-x-45-ml.jpg,Mini acondicionador de...,https://juliaoboticarios.com/10-cuidado-personal,,,jpg,43.69,collections,True,data\output\images\collections\tto-acondicionador-de-biotina-y-nuez-de-brasil-x-45-ml.jpg
https://juliaoboticarios.com/2993-large_default/tto-acondicionador-de-coco-y-aguacate-x-45-ml.jpg,Mini acondicionador de coco...,https://juliaoboticarios.com/10-cuidado-personal,,,jpg,50.03,collections,True,data\output\images\collections\tto-acondicionador-de-coco-y-aguacate-x-45-ml.jpg
https://juliaoboticarios.com/357-large_default/cc-cream-antiedad-200-ml-naturtint.jpg,Crema Antiedad 200 Ml...,https://juliaoboticarios.com/10-cuidado-personal,,,jpg,287.0,collections,True,data\output\images\collections\cc-cream-antiedad-200-ml-naturtint.jpg
https://juliaoboticarios.com/608-home_default/cc-cream-antiedad-200-ml-naturtint.jpg,Cc Cream Antiedad 200 Ml Naturtint,https://juliaoboticarios.com/10-cuidado-personal,470,609,jpg,10.76,collections,True,data\output\images\collections\cc-cream-antiedad-200-ml-naturtint.jpg
https://juliaoboticarios.com/3043-large_default/kit-coloracion-6g-naturtint.jpg,Coloración Rubio Oscuro...,https://juliaoboticarios.com/10-cuidado-personal,,,jpg,99.94,collections,True,data\output\images\collections\kit-coloracion-6g-naturtint.jpg
https://juliaoboticarios.com/658-home_default/kit-coloracion-6g-naturtint.jpg,Coloración Rubio Oscuro Dorado 6G Naturtint,https://juliaoboticarios.com/10-cuidado-personal,470,609,jpg,33.5,collections,True,data\output\images\collections\kit-coloracion-6g-naturtint.jpg
https://juliaoboticarios.com/3011-large_default/kit-coloracion-1n-naturtint.jpg,Coloración Negro Ébano 1N...,https://juliaoboticarios.com/10-cuidado-personal,,,jpg,95.5,collections,True,data\output\images\collections\kit-coloracion-1n-naturtint.jpg
https://juliaoboticarios.com/657-home_default/kit-coloracion-1n-naturtint.jpg,Coloración Negro Ébano 1N Naturtint,https://juliaoboticarios.com/10-cuidado-personal,470,609,jpg,33.5,collections,True,data\output\images\collections\kit-coloracion-1n-naturtint.jpg
https://juliaoboticarios.com/3022-large_default/kit-coloracion-57-naturtint.jpg,Coloración Chocolate...,https://juliaoboticarios.com/10-cuidado-personal,,,jpg,100.83,collections,True,data\output\images\collections\kit-coloracion-57-naturtint.jpg
https://juliaoboticarios.com/611-home_default/kit-coloracion-57-naturtint.jpg,Coloración Chocolate Intenso 5.7 Naturtint,https://juliaoboticarios.com/10-cuidado-personal,470,609,jpg,33.5,collections,True,data\output\images\collections\kit-coloracion-57-naturtint.jpg
https://juliaoboticarios.com/3014-large_default/kit-coloracion-3n-naturtint.jpg,Coloración Castaño Oscuro...,https://juliaoboticarios.com/10-cuidado-personal,,,jpg,101.25,collections,True,data\output\images\collections\kit-coloracion-3n-naturtint.jpg
https://juliaoboticarios.com/646-home_default/kit-coloracion-3n-naturtint.jpg,Coloración Castaño Oscuro 3N Naturtint,https://juliaoboticarios.com/10-cuidado-personal,470,609,jpg,33.5,collections,True,data\output\images\collections\kit-coloracion-3n-naturtint.jpg
https://juliaoboticarios.com/3024-large_default/kit-coloracion-8n-naturtint.jpg,Coloración Rubio Trigo 8N...,https://juliaoboticarios.com/10-cuidado-personal,,,jpg,100.53,collections,True,data\output\images\collections\kit-coloracion-8n-naturtint.jpg
https://juliaoboticarios.com/632-home_default/kit-coloracion-8n-naturtint.jpg,Coloración Rubio Trigo 8N Naturtint,https://juliaoboticarios.com/10-cuidado-personal,470,609,jpg,33.5,collections,True,data\output\images\collections\kit-coloracion-8n-naturtint.jpg
https://juliaoboticarios.com/3017-large_default/kit-coloracion-6n-naturtint.jpg,Coloración Rubio Oscuro 6N...,https://juliaoboticarios.com/10-cuidado-personal,,,jpg,107.11,collections,True,data\output\images\collections\kit-coloracion-6n-naturtint.jpg
https://juliaoboticarios.com/625-home_default/kit-coloracion-6n-naturtint.jpg,Coloración Rubio Oscuro 6N Naturtint,https://juliaoboticarios.com/10-cuidado-personal,470,609,jpg,33.5,collections,True,data\output\images\collections\kit-coloracion-6n-naturtint.jpg
https://juliaoboticarios.com/2489-large_default/colageno-vitamina-e-kosmaderm.jpg,Colágeno + Vitamina E,https://juliaoboticarios.com/10-cuidado-personal,,,jpg,38.21,collections,True,data\output\images\collections\colageno-vitamina-e-kosmaderm.jpg
https://juliaoboticarios.com/2488-large_default/vitamina-c-vitamina-e-kosmaderm.jpg,Vitamina C + Vitamina E,https://juliaoboticarios.com/10-cuidado-personal,,,jpg,40.91,collections,True,data\output\images\collections\vitamina-c-vitamina-e-kosmaderm.jpg
https://juliaoboticarios.com/606-large_default/champu-reparacion-330-ml-naturtint.jpg,Champú Reparación 330 Ml...,https://juliaoboticarios.com/10-cuidado-personal,,,jpg,29.99,collections,True,data\output\images\collections\champu-reparacion-330-ml-naturtint.jpg
https://juliaoboticarios.com/607-home_default/champu-reparacion-330-ml-naturtint.jpg,Champú Reparación 330 Ml Naturtint,https://juliaoboticarios.com/10-cuidado-personal,470,609,jpg,14.54,collections,True,data\output\images\collections\champu-reparacion-330-ml-naturtint.jpg
https://juliaoboticarios.com/604-large_default/crema-acond-reparacion-150-ml-naturti.jpg,Crema Acondicionadora...,https://juliaoboticarios.com/10-cuidado-personal,,,jpg,42.2,collections,True,data\output\images\collections\crema-acond-reparacion-150-ml-naturti.jpg
https://juliaoboticarios.com/605-home_default/crema-acond-reparacion-150-ml-naturti.jpg,Crema Acondicionadora Reparación 150 Ml Naturtint,https://juliaoboticarios.com/10-cuidado-personal,470,609,jpg,15.38,collections,True,data\output\images\collections\crema-acond-reparacion-150-ml-naturti.jpg
https://juliaoboticarios.com/2984-large_default/agua-esencial-herbal-45-ml.jpg,Agua Esencial Herbal 45 ml,https://juliaoboticarios.com/10-cuidado-personal,,,jpg,47.23,collections,True,data\output\images\collections\agua-esencial-herbal-45-ml.jpg
https://juliaoboticarios.com/2131-large_default/vitamina-e-aloe-vera-x-15-caps-kosmaderm.jpg,Vitamina E + Áloe Vera,https://juliaoboticarios.com/10-cuidado-personal,,,jpg,60.34,collections,True,data\output\images\collections\vitamina-e-aloe-vera-x-15-caps-kosmaderm.jpg
https://juliaoboticarios.com/2991-large_default/jb-mezcla-de-arcilla-40-gr.jpg,Mezcla De Arcillas 40G,https://juliaoboticarios.com/10-cuidado-personal,,,jpg,76.33,collections,True,data\output\images\collections\jb-mezcla-de-arcilla-40-gr.jpg
https://juliaoboticarios.com/2868-large_default/flor-de-luna-dia-x-60-grs.jpg,Flor de luna dia x 60 grs,https://juliaoboticarios.com/10-cuidado-personal,,,jpg,27.01,collections,True,data\output\images\collections\flor-de-luna-dia-x-60-grs.jpg
https://juliaoboticarios.com/2869-large_default/flor-de-luna-noche-x-60-grs-.jpg,Flor de luna noche x 60 grs,https://juliaoboticarios.com/10-cuidado-personal,,,jpg,32.22,collections,True,data\output\images\collections\flor-de-luna-noche-x-60-grs-.jpg
https://juliaoboticarios.com/2960-large_default/pasta-al-agua-x-120-cc-120.jpg,Pasta Al Agua 120Ml,https://juliaoboticarios.com/10-cuidado-personal,,,jpg,25.68,collections,True,data\output\images\collections\pasta-al-agua-x-120-cc-120.jpg
https://juliaoboticarios.com/2680-large_default/crema-humect-p-manos-palo-santo-500ml.jpg,Crema humectante para manos...,https://juliaoboticarios.com/10-cuidado-personal,,,jpg,44.35,collections,True,data\output\images\collections\crema-humect-p-manos-palo-santo-500ml.jpg
https://juliaoboticarios.com/2958-large_default/locion-mentolada-ice-green-x200ml.jpg,Loción relajante Ice Green...,https://juliaoboticarios.com/10-cuidado-personal,,,jpg,40.44,collections,True,data\output\images\collections\locion-mentolada-ice-green-x200ml.jpg
https://juliaoboticarios.com/2449-large_default/desodorante-cremoso-galera-zamba-coco-salvaje-.jpg,Desodorante Cremoso...,https://juliaoboticarios.com/10-cuidado-personal,,,jpg,45.09,collections,True,data\output\images\collections\desodorante-cremoso-galera-zamba-coco-salvaje-.jpg
https://juliaoboticarios.com/2450-large_default/desodorante-cremoso-colpipe-coco-salvaje-.jpg,Desodorante Cremoso Colpipe...,https://juliaoboticarios.com/10-cuidado-personal,,,jpg,43.51,collections,True,data\output\images\collections\desodorante-cremoso-colpipe-coco-salvaje-.jpg
https://juliaoboticarios.com/2973-large_default/-jabon-barra-petalos-de-rosas.jpg,Jabón Barra Pétalos de  Rosas,https://juliaoboticarios.com/10-cuidado-personal,,,jpg,75.58,collections,True,data\output\images\collections\-jabon-barra-petalos-de-rosas.jpg
https://juliaoboticarios.com/2335-home_default/-jabon-barra-petalos-de-rosas.jpg,Jabón Barra Pétalos de  Rosas,https://juliaoboticarios.com/10-cuidado-personal,470,609,jpg,75.58,collections,True,data\output\images\collections\-jabon-barra-petalos-de-rosas.jpg
https://juliaoboticarios.com/2982-large_default/oleo-vegetal-para-masajes-naranja-250-ml-.jpg,Óleo vegetal para masajes...,https://juliaoboticarios.com/10-cuidado-personal,,,jpg,51.16,collections,True,data\output\images\collections\oleo-vegetal-para-masajes-naranja-250-ml-.jpg
https://juliaoboticarios.com/2974-large_default/jabon-artesanal-de-cannabis-eucalipto-y-aloe-vera-100-grs.jpg,Jabón artesanal en barra de...,https://juliaoboticarios.com/10-cuidado-personal,,,jpg,91.88,collections,True,data\output\images\collections\jabon-artesanal-de-cannabis-eucalipto-y-aloe-vera-100-grs.jpg
https://juliaoboticarios.com/972-large_default/alcohol-glicerinado-500-ml.jpg,Alcohol Glicerinado 500 Ml,https://juliaoboticarios.com/10-cuidado-personal,,,jpg,38.84,collections,True,data\output\images\collections\alcohol-glicerinado-500-ml.jpg
https://juliaoboticarios.com/2613-large_default/desodorante-cremoso-colpipe-coco-salvaje-60-gr-.jpg,Desodorante Cremoso Colpipe...,https://juliaoboticarios.com/29-cuidado-corporal?p=2,,,jpg,84.31,collections,True,data\output\images\collections\desodorante-cremoso-colpipe-coco-salvaje-60-gr-.jpg
https://juliaoboticarios.com/2579-large_default/b-desodorante-cremoso-pico-de-lorox-60g.jpg,Desodorante Cremoso Pico de...,https://juliaoboticarios.com/29-cuidado-corporal?p=2,,,jpg,73.4,collections,True,data\output\images\collections\b-desodorante-cremoso-pico-de-lorox-60g.jpg
https://juliaoboticarios.com/2574-large_default/vela-de-masaje-iris-y-amapola-x-60g.jpg,Vela de Masaje Iris y...,https://juliaoboticarios.com/29-cuidado-corporal?p=2,,,jpg,36.6,collections,True,data\output\images\collections\vela-de-masaje-iris-y-amapola-x-60g.jpg
https://juliaoboticarios.com/2573-large_default/vela-de-masaje-higo-y-violeta-x-60g.jpg,Vela de Masaje Higo y...,https://juliaoboticarios.com/29-cuidado-corporal?p=2,,,jpg,36.27,collections,True,data\output\images\collections\vela-de-masaje-higo-y-violeta-x-60g.jpg
https://juliaoboticarios.com/3006-large_default/gel-mentol-green-450-grs-ross-36.jpg,Gel Mentolado Green 450G,https://juliaoboticarios.com/29-cuidado-corporal?p=2,,,jpg,121.74,collections,True,data\output\images\collections\gel-mentol-green-450-grs-ross-36.jpg
https://juliaoboticarios.com/2990-large_default/locion-de-benjui-x-125-cc-96.jpg,Loción Cutanea De Benjuí 125Ml,https://juliaoboticarios.com/29-cuidado-corporal?p=2,,,jpg,42.17,collections,True,data\output\images\collections\locion-de-benjui-x-125-cc-96.jpg
https://juliaoboticarios.com/2970-large_default/exfoliante-te-verde-de-200g.jpg,Exfoliante Té Verde de 200g,https://juliaoboticarios.com/29-cuidado-corporal?p=2,,,jpg,91.22,collections,True,data\output\images\collections\exfoliante-te-verde-de-200g.jpg
https://juliaoboticarios.com/2969-large_default/exfoliante-bambu-200gr.jpg,Exfoliante Bambú 200g,https://juliaoboticarios.com/29-cuidado-corporal?p=2,,,jpg,90.89,collections,True,data\output\images\collections\exfoliante-bambu-200gr.jpg
https://juliaoboticarios.com/2959-large_default/crema-dermoprotec-x-330-grs-36.jpg,Crema Dermoprotec 330G,https://juliaoboticarios.com/29-cuidado-corporal?p=2,,,jpg,52.82,collections,True,data\output\images\collections\crema-dermoprotec-x-330-grs-36.jpg
https://juliaoboticarios.com/3007-large_default/jb-pomada-green-20-gr.jpg,Pomada Green 20G,https://juliaoboticarios.com/29-cuidado-corporal?p=2,,,jpg,104.76,collections,True,data\output\images\collections\jb-pomada-green-20-gr.jpg
https://juliaoboticarios.com/1121-home_default/jb-pomada-green-20-gr.jpg,Pomada Green 20G,https://juliaoboticarios.com/29-cuidado-corporal?p=2,470,609,jpg,104.76,collections,True,data\output\images\collections\jb-pomada-green-20-gr.jpg
https://juliaoboticarios.com/3005-large_default/gel-mentol-green-150-grs-ross108.jpg,Gel Mentolado Green 150G,https://juliaoboticarios.com/29-cuidado-corporal?p=2,,,jpg,115.53,collections,True,data\output\images\collections\gel-mentol-green-150-grs-ross108.jpg
https://juliaoboticarios.com/2992-large_default/jb-aceite-de-coco-fraccionado-120-ml.jpg,Aceite De Coco Fraccionado...,https://juliaoboticarios.com/29-cuidado-corporal?p=2,,,jpg,47.0,collections,True,data\output\images\collections\jb-aceite-de-coco-fraccionado-120-ml.jpg
https://juliaoboticarios.com/2711-large_default/jb-keratina-30-ml.jpg,Queratina 30Ml,https://juliaoboticarios.com/17-activos-cosmeticos,,,jpg,46.27,collections,True,data\output\images\collections\jb-keratina-30-ml.jpg
https://juliaoboticarios.com/2713-large_default/jb-elastina-30-ml.jpg,Elastina 30Ml,https://juliaoboticarios.com/17-activos-cosmeticos,,,jpg,46.1,collections,True,data\output\images\collections\jb-elastina-30-ml.jpg
https://juliaoboticarios.com/2749-large_default/jb-manteca-de-cacao-50-gr.jpg,Manteca De Cacao 50G,https://juliaoboticarios.com/17-activos-cosmeticos,,,jpg,54.9,collections,True,data\output\images\collections\jb-manteca-de-cacao-50-gr.jpg
https://juliaoboticarios.com/2709-large_default/jb-extracto-de-aloe-vera-30-ml.jpg,Extracto De Aloe Vera 30Ml,https://juliaoboticarios.com/17-activos-cosmeticos,,,jpg,46.06,collections,True,data\output\images\collections\jb-extracto-de-aloe-vera-30-ml.jpg
https://juliaoboticarios.com/2707-large_default/jb-aceite-puro-de-jojoba-30-ml.jpg,Aceite Puro De Jojoba 30Ml,https://juliaoboticarios.com/17-activos-cosmeticos,,,jpg,47.66,collections,True,data\output\images\collections\jb-aceite-puro-de-jojoba-30-ml.jpg
https://juliaoboticarios.com/2705-large_default/jb-aceite-puro-de-aguacate-30-ml.jpg,Aceite Puro De Aguacate 30Ml,https://juliaoboticarios.com/17-activos-cosmeticos,,,jpg,47.48,collections,True,data\output\images\collections\jb-aceite-puro-de-aguacate-30-ml.jpg
https://juliaoboticarios.com/2989-large_default/jb-carbon-activado-cosmetico-30-g.jpg,Carbón Activado 30G,https://juliaoboticarios.com/17-activos-cosmeticos,,,jpg,73.15,collections,True,data\output\images\collections\jb-carbon-activado-cosmetico-30-g.jpg
https://juliaoboticarios.com/2742-large_default/jb-agua-perfumada-iris-y-amapola-30-ml.jpg,Agua Perfumada Iris y...,https://juliaoboticarios.com/11-aguas-de-tocador?p=3,,,jpg,53.72,collections,True,data\output\images\collections\jb-agua-perfumada-iris-y-amapola-30-ml.jpg
https://juliaoboticarios.com/2743-large_default/agua-perfumada-lichi-y-dulce-naranjo-30ml.jpg,Agua Perfumada Lichi y...,https://juliaoboticarios.com/11-aguas-de-tocador?p=3,,,jpg,55.01,collections,True,data\output\images\collections\agua-perfumada-lichi-y-dulce-naranjo-30ml.jpg
https://juliaoboticarios.com/2741-large_default/jb-agua-perf-madera-orient-y-manda-30-ml.jpg,Agua Perfumada Madera...,https://juliaoboticarios.com/11-aguas-de-tocador?p=3,,,jpg,54.88,collections,True,data\output\images\collections\jb-agua-perf-madera-orient-y-manda-30-ml.jpg
https://juliaoboticarios.com/2744-large_default/agua-perfumada-higo-y-violeta-30ml.jpg,Agua Perfumada Higo y...,https://juliaoboticarios.com/11-aguas-de-tocador?p=3,,,jpg,53.38,collections,True,data\output\images\collections\agua-perfumada-higo-y-violeta-30ml.jpg
https://juliaoboticarios.com/2740-large_default/jb-agua-perfumada-cedro-rojo-30-ml.jpg,Agua Perfumada Cedro Rojo 30ml,https://juliaoboticarios.com/11-aguas-de-tocador?p=3,,,jpg,53.25,collections,True,data\output\images\collections\jb-agua-perfumada-cedro-rojo-30-ml.jpg
https://juliaoboticarios.com/2745-large_default/-agua-perfumada-salvia-oceanica-30ml.jpg,Agua Perfumada Salvia...,https://juliaoboticarios.com/11-aguas-de-tocador?p=3,,,jpg,54.2,collections,True,data\output\images\collections\-agua-perfumada-salvia-oceanica-30ml.jpg
https://juliaoboticarios.com/2739-large_default/jb-agua-perfumada-jazmin-y-bergamota-30.jpg,Agua perfumada Jazmín y...,https://juliaoboticarios.com/11-aguas-de-tocador?p=3,,,jpg,54.88,collections,True,data\output\images\collections\jb-agua-perfumada-jazmin-y-bergamota-30.jpg
https://juliaoboticarios.com/2716-large_default/perfume-flor-azafran-miel-y-alm-100ml.jpg,Perfume Flor de Azafrán de...,https://juliaoboticarios.com/11-aguas-de-tocador?p=3,,,jpg,54.38,collections,True,data\output\images\collections\perfume-flor-azafran-miel-y-alm-100ml.jpg
https://juliaoboticarios.com/2732-large_default/agua-perfumada-salvia-oceanica-100ml.jpg,Agua Perfumada Salvia...,https://juliaoboticarios.com/11-aguas-de-tocador?p=3,,,jpg,51.82,collections,True,data\output\images\collections\agua-perfumada-salvia-oceanica-100ml.jpg
https://juliaoboticarios.com/2735-large_default/jb-agua-perf-madera-orient-y-manda-100ml.jpg,Agua Perfumada Madera...,https://juliaoboticarios.com/11-aguas-de-tocador?p=3,,,jpg,52.78,collections,True,data\output\images\collections\jb-agua-perf-madera-orient-y-manda-100ml.jpg
https://juliaoboticarios.com/2737-large_default/jb-agua-perfumada-higo-y-violeta-100-ml.jpg,Agua perfumada Higo y...,https://juliaoboticarios.com/11-aguas-de-tocador?p=3,,,jpg,51.0,collections,True,data\output\images\collections\jb-agua-perfumada-higo-y-violeta-100-ml.jpg
https://juliaoboticarios.com/2734-large_default/agua-perfumada-jazmin-y-bergamota-100ml.jpg,Agua Perfumada Jazmín Y...,https://juliaoboticarios.com/11-aguas-de-tocador?p=3,,,jpg,52.62,collections,True,data\output\images\collections\agua-perfumada-jazmin-y-bergamota-100ml.jpg
https://juliaoboticarios.com/2117-large_default/botella-para-perfumes-tapa-transparente-100-ml.jpg,Botella para perfumes tapa...,https://juliaoboticarios.com/11-aguas-de-tocador?p=3,,,jpg,22.53,collections,True,data\output\images\collections\botella-para-perfumes-tapa-transparente-100-ml.jpg
https://juliaoboticarios.com/2755-large_default/jb-fragancia-tabaco-y-cuero-25-ml.jpg,Fragancia Concentrada...,https://juliaoboticarios.com/11-aguas-de-tocador?p=3,,,jpg,51.77,collections,True,data\output\images\collections\jb-fragancia-tabaco-y-cuero-25-ml.jpg
https://juliaoboticarios.com/2738-large_default/jb-agua-perfumada-iris-y-amapola-100-ml.jpg,Agua Perfumada Iris y...,https://juliaoboticarios.com/11-aguas-de-tocador?p=3,,,jpg,51.27,collections,True,data\output\images\collections\jb-agua-perfumada-iris-y-amapola-100-ml.jpg
https://juliaoboticarios.com/2736-large_default/jb-agua-perf-lichi-y-dulce-naranjo-100ml.jpg,Agua Perfumada Lichi y...,https://juliaoboticarios.com/11-aguas-de-tocador?p=3,,,jpg,52.72,collections,True,data\output\images\collections\jb-agua-perf-lichi-y-dulce-naranjo-100ml.jpg
https://juliaoboticarios.com/2733-large_default/agua-perfumada-cedro-rojo-100ml.jpg,Agua Perfumada Cedro Rojo...,https://juliaoboticarios.com/11-aguas-de-tocador?p=3,,,jpg,50.46,collections,True,data\output\images\collections\agua-perfumada-cedro-rojo-100ml.jpg
https://juliaoboticarios.com/3064-large_default/agua-de-colonia-mordehay-x-370-ml.jpg,Agua de Colonia Mordehay x...,https://juliaoboticarios.com/11-aguas-de-tocador?p=3,,,jpg,46.0,collections,True,data\output\images\collections\agua-de-colonia-mordehay-x-370-ml.jpg
https://juliaoboticarios.com/3062-home_default/agua-de-colonia-mordehay-x-370-ml.jpg,Agua de Colonia Mordehay x 100 ml,https://juliaoboticarios.com/11-aguas-de-tocador?p=3,470,609,jpg,27.41,collections,True,data\output\images\collections\agua-de-colonia-mordehay-x-370-ml.jpg
https://juliaoboticarios.com/2951-large_default/agua-de-colonia-mordehay-x-370-ml.jpg,Agua de Colonia Mordehay x...,https://juliaoboticarios.com/11-aguas-de-tocador?p=3,,,jpg,27.41,collections,True,data\output\images\collections\agua-de-colonia-mordehay-x-370-ml.jpg
https://juliaoboticarios.com/2497-home_default/agua-de-colonia-mordehay-x-370-ml.jpg,Agua de Colonia Mordehay x 370ml,https://juliaoboticarios.com/11-aguas-de-tocador?p=3,470,609,jpg,27.41,collections,True,data\output\images\collections\agua-de-colonia-mordehay-x-370-ml.jpg
https://juliaoboticarios.com/2714-large_default/perfume-bergamota-y-cardamomo-30-ml.jpg,Perfume Bergamota y...,https://juliaoboticarios.com/278-perfumes?p=2,,,jpg,55.74,collections,True,data\output\images\collections\perfume-bergamota-y-cardamomo-30-ml.jpg
https://juliaoboticarios.com/2551-home_default/perfume-bergamota-y-cardamomo-30-ml.jpg,Perfume Bergamota y Cardamomo 30 ml,https://juliaoboticarios.com/278-perfumes?p=2,470,609,jpg,32.36,collections,True,data\output\images\collections\perfume-bergamota-y-cardamomo-30-ml.jpg
https://juliaoboticarios.com/2715-large_default/perfume-bergamota-y-cardamomo-100-ml.jpg,Perfume Bergamota y...,https://juliaoboticarios.com/278-perfumes?p=2,,,jpg,53.31,collections,True,data\output\images\collections\perfume-bergamota-y-cardamomo-100-ml.jpg
https://juliaoboticarios.com/2550-home_default/perfume-bergamota-y-cardamomo-100-ml.jpg,Perfume Bergamota y Cardamomo 100 ml,https://juliaoboticarios.com/278-perfumes?p=2,470,609,jpg,53.31,collections,True,data\output\images\collections\perfume-bergamota-y-cardamomo-100-ml.jpg
https://juliaoboticarios.com/2717-large_default/perfume-flor-azafran-miel-y-alm-100ml.jpg,Perfume Flor de Azafran...,https://juliaoboticarios.com/278-perfumes?p=2,,,jpg,54.38,collections,True,data\output\images\collections\perfume-flor-azafran-miel-y-alm-100ml.jpg
https://juliaoboticarios.com/2634-large_default/13837.jpg,Caja para Perfume 30ml,https://juliaoboticarios.com/278-perfumes?p=2,,,jpg,87.07,collections,True,data\output\images\collections\13837.jpg
